2026-05-25 20:04:38,972 | INFO | omninexus.config | Loading OmniNexus configuration...
2026-05-25 20:04:38,973 | WARNING | omninexus.config | Key Vault unavailable for TELEGRAM-BOT-TOKEN. Falling back to .env. Reason: No module named 'azure'
2026-05-25 20:04:38,974 | INFO | omninexus.config | Secret loaded from .env: TELEGRAM_BOT_TOKEN
2026-05-25 20:04:38,974 | WARNING | omninexus.config | Key Vault unavailable for TELEGRAM-CHAT-ID. Falling back to .env. Reason: No module named 'azure'
2026-05-25 20:04:38,975 | INFO | omninexus.config | Secret loaded from .env: TELEGRAM_CHAT_ID
2026-05-25 20:04:38,976 | WARNING | omninexus.config | Key Vault unavailable for FRED-API-KEY. Falling back to .env. Reason: No module named 'azure'
2026-05-25 20:04:38,977 | INFO | omninexus.config | Secret loaded from .env: FRED_API_KEY
2026-05-25 20:04:38,978 | WARNING | omninexus.config | Key Vault unavailable for GITHUB-API-TOKEN. Falling back to .env. Reason: No module named 'azure'
2026-05-25 20:04:38,978 | INFO | omninexus.config | Secret loaded from .env: GITHUB_API_TOKEN
2026-05-25 20:04:38,978 | WARNING | omninexus.config | Key Vault unavailable for NASA-EARTHDATA-TOKEN. Falling back to .env. Reason: No module named 'azure'
2026-05-25 20:04:38,979 | INFO | omninexus.config | Secret loaded from .env: NASA_EARTHDATA_TOKEN
2026-05-25 20:04:38,979 | WARNING | omninexus.config | Key Vault unavailable for COPERNICUS-CLIENT-ID. Falling back to .env. Reason: No module named 'azure'
2026-05-25 20:04:38,980 | INFO | omninexus.config | Secret loaded from .env: COPERNICUS_CLIENT_ID
2026-05-25 20:04:38,980 | WARNING | omninexus.config | Key Vault unavailable for COPERNICUS-CLIENT-SECRET. Falling back to .env. Reason: No module named 'azure'
2026-05-25 20:04:38,981 | INFO | omninexus.config | Secret loaded from .env: COPERNICUS_CLIENT_SECRET
2026-05-25 20:04:38,981 | WARNING | omninexus.config | Key Vault unavailable for DERIV-API-TOKEN. Falling back to .env. Reason: No module named 'azure'
2026-05-25 20:04:38,982 | INFO | omninexus.config | Secret loaded from .env: DERIV_API_TOKEN
2026-05-25 20:04:38,982 | WARNING | omninexus.config | Key Vault unavailable for COSMOS-ENDPOINT. Falling back to .env. Reason: No module named 'azure'
2026-05-25 20:04:38,983 | INFO | omninexus.config | Secret loaded from .env: COSMOS_ENDPOINT
2026-05-25 20:04:38,984 | WARNING | omninexus.config | Key Vault unavailable for COSMOS-KEY. Falling back to .env. Reason: No module named 'azure'
2026-05-25 20:04:38,984 | INFO | omninexus.config | Secret loaded from .env: COSMOS_KEY
2026-05-25 20:04:38,985 | WARNING | omninexus.config | Key Vault unavailable for COGNITIVE-SERVICES-ENDPOINT. Falling back to .env. Reason: No module named 'azure'
2026-05-25 20:04:38,986 | INFO | omninexus.config | Secret loaded from .env: COGNITIVE_SERVICES_ENDPOINT
2026-05-25 20:04:38,987 | WARNING | omninexus.config | Key Vault unavailable for COGNITIVE-SERVICES-KEY. Falling back to .env. Reason: No module named 'azure'
2026-05-25 20:04:38,987 | INFO | omninexus.config | Secret loaded from .env: COGNITIVE_SERVICES_KEY
2026-05-25 20:04:38,987 | INFO | omninexus.config | Configuration loaded successfully.
2026-05-25 20:04:38,987 | INFO | omninexus.config | Instruments: ['XAUUSD', 'GBPUSD', 'GBPJPY']
2026-05-25 20:04:38,987 | INFO | omninexus.config | Max daily loss: 2.0%
2026-05-25 20:04:38,988 | INFO | omninexus.config | Max drawdown: 5.0%
2026-05-25 20:05:50,705 | INFO | omninexus.config | Loading OmniNexus configuration...
2026-05-25 20:05:50,716 | WARNING | omninexus.config | Key Vault unavailable for TELEGRAM-BOT-TOKEN. Falling back to .env. Reason: No module named 'azure'
2026-05-25 20:05:50,716 | INFO | omninexus.config | Secret loaded from .env: TELEGRAM_BOT_TOKEN
2026-05-25 20:05:50,716 | WARNING | omninexus.config | Key Vault unavailable for TELEGRAM-CHAT-ID. Falling back to .env. Reason: No module named 'azure'
2026-05-25 20:05:50,717 | INFO | omninexus.config | Secret loaded from .env: TELEGRAM_CHAT_ID
2026-05-25 20:05:50,717 | WARNING | omninexus.config | Key Vault unavailable for FRED-API-KEY. Falling back to .env. Reason: No module named 'azure'
2026-05-25 20:05:50,718 | INFO | omninexus.config | Secret loaded from .env: FRED_API_KEY
2026-05-25 20:05:50,719 | WARNING | omninexus.config | Key Vault unavailable for GITHUB-API-TOKEN. Falling back to .env. Reason: No module named 'azure'
2026-05-25 20:05:50,719 | INFO | omninexus.config | Secret loaded from .env: GITHUB_API_TOKEN
2026-05-25 20:05:50,720 | WARNING | omninexus.config | Key Vault unavailable for NASA-EARTHDATA-TOKEN. Falling back to .env. Reason: No module named 'azure'
2026-05-25 20:05:50,720 | INFO | omninexus.config | Secret loaded from .env: NASA_EARTHDATA_TOKEN
2026-05-25 20:05:50,721 | WARNING | omninexus.config | Key Vault unavailable for COPERNICUS-CLIENT-ID. Falling back to .env. Reason: No module named 'azure'
2026-05-25 20:05:50,722 | INFO | omninexus.config | Secret loaded from .env: COPERNICUS_CLIENT_ID
2026-05-25 20:05:50,723 | WARNING | omninexus.config | Key Vault unavailable for COPERNICUS-CLIENT-SECRET. Falling back to .env. Reason: No module named 'azure'
2026-05-25 20:05:50,724 | INFO | omninexus.config | Secret loaded from .env: COPERNICUS_CLIENT_SECRET
2026-05-25 20:05:50,725 | WARNING | omninexus.config | Key Vault unavailable for DERIV-API-TOKEN. Falling back to .env. Reason: No module named 'azure'
2026-05-25 20:05:50,726 | INFO | omninexus.config | Secret loaded from .env: DERIV_API_TOKEN
2026-05-25 20:05:50,727 | WARNING | omninexus.config | Key Vault unavailable for COSMOS-ENDPOINT. Falling back to .env. Reason: No module named 'azure'
2026-05-25 20:05:50,727 | INFO | omninexus.config | Secret loaded from .env: COSMOS_ENDPOINT
2026-05-25 20:05:50,728 | WARNING | omninexus.config | Key Vault unavailable for COSMOS-KEY. Falling back to .env. Reason: No module named 'azure'
2026-05-25 20:05:50,729 | INFO | omninexus.config | Secret loaded from .env: COSMOS_KEY
2026-05-25 20:05:50,734 | WARNING | omninexus.config | Key Vault unavailable for COGNITIVE-SERVICES-ENDPOINT. Falling back to .env. Reason: No module named 'azure'
2026-05-25 20:05:50,735 | INFO | omninexus.config | Secret loaded from .env: COGNITIVE_SERVICES_ENDPOINT
2026-05-25 20:05:50,736 | WARNING | omninexus.config | Key Vault unavailable for COGNITIVE-SERVICES-KEY. Falling back to .env. Reason: No module named 'azure'
2026-05-25 20:05:50,736 | INFO | omninexus.config | Secret loaded from .env: COGNITIVE_SERVICES_KEY
2026-05-25 20:05:50,737 | INFO | omninexus.config | Configuration loaded successfully.
2026-05-25 20:05:50,738 | INFO | omninexus.config | Instruments: ['XAUUSD', 'GBPUSD', 'GBPJPY']
2026-05-25 20:05:50,738 | INFO | omninexus.config | Max daily loss: 2.0%
2026-05-25 20:05:50,739 | INFO | omninexus.config | Max drawdown: 5.0%
2026-05-25 20:05:55,054 | INFO | omninexus.ingestion.fred_yield | Calculating Real Yield for XAUUSD signal...
2026-05-25 20:05:57,228 | INFO | omninexus.ingestion.fred_yield | FRED GS10: fetched 5 observations
2026-05-25 20:05:58,936 | INFO | omninexus.ingestion.fred_yield | FRED DFII10: fetched 5 observations
2026-05-25 20:06:00,263 | INFO | omninexus.ingestion.fred_yield | FRED T10YIE: fetched 5 observations
2026-05-25 20:06:01,586 | INFO | omninexus.ingestion.fred_yield | FRED DFII10: fetched 5 observations
2026-05-25 20:06:01,588 | INFO | omninexus.ingestion.fred_yield | Real Yield: 2.180% | Gold Bias: STRONG BEARISH | Breakout: False
2026-05-25 20:06:49,021 | INFO | omninexus.config | Loading OmniNexus configuration...
2026-05-25 20:06:49,022 | WARNING | omninexus.config | Key Vault unavailable for TELEGRAM-BOT-TOKEN. Falling back to .env. Reason: No module named 'azure'
2026-05-25 20:06:49,022 | INFO | omninexus.config | Secret loaded from .env: TELEGRAM_BOT_TOKEN
2026-05-25 20:06:49,023 | WARNING | omninexus.config | Key Vault unavailable for TELEGRAM-CHAT-ID. Falling back to .env. Reason: No module named 'azure'
2026-05-25 20:06:49,023 | INFO | omninexus.config | Secret loaded from .env: TELEGRAM_CHAT_ID
2026-05-25 20:06:49,024 | WARNING | omninexus.config | Key Vault unavailable for FRED-API-KEY. Falling back to .env. Reason: No module named 'azure'
2026-05-25 20:06:49,024 | INFO | omninexus.config | Secret loaded from .env: FRED_API_KEY
2026-05-25 20:06:49,025 | WARNING | omninexus.config | Key Vault unavailable for GITHUB-API-TOKEN. Falling back to .env. Reason: No module named 'azure'
2026-05-25 20:06:49,026 | INFO | omninexus.config | Secret loaded from .env: GITHUB_API_TOKEN
2026-05-25 20:06:49,027 | WARNING | omninexus.config | Key Vault unavailable for NASA-EARTHDATA-TOKEN. Falling back to .env. Reason: No module named 'azure'
2026-05-25 20:06:49,027 | INFO | omninexus.config | Secret loaded from .env: NASA_EARTHDATA_TOKEN
2026-05-25 20:06:49,029 | WARNING | omninexus.config | Key Vault unavailable for COPERNICUS-CLIENT-ID. Falling back to .env. Reason: No module named 'azure'
2026-05-25 20:06:49,030 | INFO | omninexus.config | Secret loaded from .env: COPERNICUS_CLIENT_ID
2026-05-25 20:06:49,031 | WARNING | omninexus.config | Key Vault unavailable for COPERNICUS-CLIENT-SECRET. Falling back to .env. Reason: No module named 'azure'
2026-05-25 20:06:49,031 | INFO | omninexus.config | Secret loaded from .env: COPERNICUS_CLIENT_SECRET
2026-05-25 20:06:49,032 | WARNING | omninexus.config | Key Vault unavailable for DERIV-API-TOKEN. Falling back to .env. Reason: No module named 'azure'
2026-05-25 20:06:49,032 | INFO | omninexus.config | Secret loaded from .env: DERIV_API_TOKEN
2026-05-25 20:06:49,033 | WARNING | omninexus.config | Key Vault unavailable for COSMOS-ENDPOINT. Falling back to .env. Reason: No module named 'azure'
2026-05-25 20:06:49,033 | INFO | omninexus.config | Secret loaded from .env: COSMOS_ENDPOINT
2026-05-25 20:06:49,034 | WARNING | omninexus.config | Key Vault unavailable for COSMOS-KEY. Falling back to .env. Reason: No module named 'azure'
2026-05-25 20:06:49,034 | INFO | omninexus.config | Secret loaded from .env: COSMOS_KEY
2026-05-25 20:06:49,034 | WARNING | omninexus.config | Key Vault unavailable for COGNITIVE-SERVICES-ENDPOINT. Falling back to .env. Reason: No module named 'azure'
2026-05-25 20:06:49,034 | INFO | omninexus.config | Secret loaded from .env: COGNITIVE_SERVICES_ENDPOINT
2026-05-25 20:06:49,035 | WARNING | omninexus.config | Key Vault unavailable for COGNITIVE-SERVICES-KEY. Falling back to .env. Reason: No module named 'azure'
2026-05-25 20:06:49,035 | INFO | omninexus.config | Secret loaded from .env: COGNITIVE_SERVICES_KEY
2026-05-25 20:06:49,035 | INFO | omninexus.config | Configuration loaded successfully.
2026-05-25 20:06:49,035 | INFO | omninexus.config | Instruments: ['XAUUSD', 'GBPUSD', 'GBPJPY']
2026-05-25 20:06:49,036 | INFO | omninexus.config | Max daily loss: 2.0%
2026-05-25 20:06:49,036 | INFO | omninexus.config | Max drawdown: 5.0%
2026-05-25 20:06:49,480 | INFO | omninexus.ingestion.fred_yield | Calculating Real Yield for XAUUSD signal...
2026-05-25 20:06:50,688 | INFO | omninexus.ingestion.fred_yield | FRED GS10: fetched 5 observations
2026-05-25 20:06:51,819 | INFO | omninexus.ingestion.fred_yield | FRED DFII10: fetched 5 observations
2026-05-25 20:06:53,408 | INFO | omninexus.ingestion.fred_yield | FRED T10YIE: fetched 5 observations
2026-05-25 20:06:55,729 | INFO | omninexus.ingestion.fred_yield | FRED DFII10: fetched 5 observations
2026-05-25 20:06:55,731 | INFO | omninexus.ingestion.fred_yield | Real Yield: 2.180% | Gold Bias: STRONG BEARISH | Breakout: False
2026-05-25 20:06:56,310 | INFO | omninexus.ingestion.friction | Calculating Geopolitical Friction Index...
2026-05-25 20:06:56,530 | WARNING | omninexus.ingestion.friction | Feed parse issue: Reuters World News — <urlopen error [Errno 11001] getaddrinfo failed>
2026-05-25 20:06:59,761 | INFO | omninexus.ingestion.friction | BBC World News: 10 friction articles found
2026-05-25 20:07:00,530 | INFO | omninexus.ingestion.friction | Al Jazeera: 6 friction articles found
2026-05-25 20:07:00,566 | WARNING | omninexus.ingestion.friction | Feed parse issue: Reuters Business — <urlopen error [Errno 11001] getaddrinfo failed>
2026-05-25 20:07:04,794 | INFO | omninexus.ingestion.friction | Financial Times: 7 friction articles found
2026-05-25 20:07:07,233 | INFO | omninexus.ingestion.friction | Bloomberg Markets: 9 friction articles found
2026-05-25 20:07:07,233 | INFO | omninexus.ingestion.friction | Friction Score: 100/100 | Level: CRITICAL | Articles: 32 | Alert: True
2026-05-25 20:07:07,274 | INFO | omninexus.ingestion.darkpool | Scanning dark pools for institutional signals...
2026-05-25 20:07:13,781 | WARNING | omninexus.ingestion.darkpool | FINRA GLD: Symbol not found in response. Status: 404
2026-05-25 20:07:13,783 | WARNING | omninexus.ingestion.darkpool | GLD: Using simulated volume (FINRA API unavailable)
2026-05-25 20:07:13,920 | INFO | omninexus.ingestion.darkpool | GLD: Volume=17,977,546 | Mean=14,756,685 | Z-Score=1.77
2026-05-25 20:07:13,922 | INFO | omninexus.ingestion.darkpool | Dark pool baseline saved
2026-05-25 20:07:34,851 | WARNING | omninexus.ingestion.darkpool | FINRA IAU: Symbol not found in response. Status: 404
2026-05-25 20:07:34,852 | WARNING | omninexus.ingestion.darkpool | IAU: Using simulated volume (FINRA API unavailable)
2026-05-25 20:07:34,862 | INFO | omninexus.ingestion.darkpool | IAU: Volume=6,761,482 | Mean=7,829,864 | Z-Score=-1.17
2026-05-25 20:07:34,864 | INFO | omninexus.ingestion.darkpool | Dark pool baseline saved
2026-05-25 20:07:42,103 | WARNING | omninexus.ingestion.darkpool | FINRA FXB: Symbol not found in response. Status: 404
2026-05-25 20:07:42,104 | WARNING | omninexus.ingestion.darkpool | FXB: Using simulated volume (FINRA API unavailable)
2026-05-25 20:07:42,112 | INFO | omninexus.ingestion.darkpool | FXB: Volume=519,726 | Mean=483,455 | Z-Score=0.49
2026-05-25 20:07:42,114 | INFO | omninexus.ingestion.darkpool | Dark pool baseline saved
2026-05-25 20:07:43,423 | WARNING | omninexus.ingestion.darkpool | FINRA GDX: Symbol not found in response. Status: 404
2026-05-25 20:07:43,424 | WARNING | omninexus.ingestion.darkpool | GDX: Using simulated volume (FINRA API unavailable)
2026-05-25 20:07:43,433 | INFO | omninexus.ingestion.darkpool | GDX: Volume=10,968,726 | Mean=12,784,243 | Z-Score=-1.29
2026-05-25 20:07:43,434 | INFO | omninexus.ingestion.darkpool | Dark pool baseline saved
2026-05-25 20:07:43,434 | INFO | omninexus.ingestion.darkpool | Dark pool scan complete. Anomalies: 0 | Gold Signal: False | GBP Signal: False
2026-05-25 20:07:43,472 | INFO | omninexus.signals.gold | Running Gold Signal Aggregation...
2026-05-25 20:07:43,472 | INFO | omninexus.ingestion.fred_yield | Calculating Real Yield for XAUUSD signal...
2026-05-25 20:07:46,070 | INFO | omninexus.ingestion.fred_yield | FRED GS10: fetched 5 observations
2026-05-25 20:07:50,490 | INFO | omninexus.ingestion.fred_yield | FRED DFII10: fetched 5 observations
2026-05-25 20:07:51,806 | INFO | omninexus.ingestion.fred_yield | FRED T10YIE: fetched 5 observations
2026-05-25 20:07:56,402 | INFO | omninexus.ingestion.fred_yield | FRED DFII10: fetched 5 observations
2026-05-25 20:07:56,404 | INFO | omninexus.ingestion.fred_yield | Real Yield: 2.180% | Gold Bias: STRONG BEARISH | Breakout: False
2026-05-25 20:07:56,404 | INFO | omninexus.signals.gold | Real Yield: 2.180% — STRONG BEARISH
2026-05-25 20:07:56,404 | INFO | omninexus.ingestion.friction | Calculating Geopolitical Friction Index...
2026-05-25 20:07:56,622 | WARNING | omninexus.ingestion.friction | Feed parse issue: Reuters World News — <urlopen error [Errno 11001] getaddrinfo failed>
2026-05-25 20:07:57,755 | INFO | omninexus.ingestion.friction | BBC World News: 10 friction articles found
2026-05-25 20:07:58,623 | INFO | omninexus.ingestion.friction | Al Jazeera: 6 friction articles found
2026-05-25 20:07:58,655 | WARNING | omninexus.ingestion.friction | Feed parse issue: Reuters Business — <urlopen error [Errno 11001] getaddrinfo failed>
2026-05-25 20:08:01,763 | INFO | omninexus.ingestion.friction | Financial Times: 7 friction articles found
2026-05-25 20:08:18,435 | INFO | omninexus.ingestion.friction | Bloomberg Markets: 9 friction articles found
2026-05-25 20:08:18,436 | INFO | omninexus.ingestion.friction | Friction Score: 100/100 | Level: CRITICAL | Articles: 32 | Alert: True
2026-05-25 20:08:18,436 | INFO | omninexus.signals.gold | Friction Score: 100/100 — CRITICAL
2026-05-25 20:08:18,436 | INFO | omninexus.ingestion.darkpool | Scanning dark pools for institutional signals...
2026-05-25 20:08:40,283 | WARNING | omninexus.ingestion.darkpool | FINRA GLD: Symbol not found in response. Status: 404
2026-05-25 20:08:40,284 | WARNING | omninexus.ingestion.darkpool | GLD: Using simulated volume (FINRA API unavailable)
2026-05-25 20:08:40,293 | INFO | omninexus.ingestion.darkpool | GLD: Volume=17,395,545 | Mean=15,114,559 | Z-Score=1.13
2026-05-25 20:08:40,294 | INFO | omninexus.ingestion.darkpool | Dark pool baseline saved
2026-05-25 20:08:45,174 | WARNING | omninexus.ingestion.darkpool | FINRA IAU: Symbol not found in response. Status: 404
2026-05-25 20:08:45,176 | WARNING | omninexus.ingestion.darkpool | IAU: Using simulated volume (FINRA API unavailable)
2026-05-25 20:08:45,185 | INFO | omninexus.ingestion.darkpool | IAU: Volume=6,670,053 | Mean=7,711,155 | Z-Score=-1.12
2026-05-25 20:08:45,187 | INFO | omninexus.ingestion.darkpool | Dark pool baseline saved
2026-05-25 20:08:47,524 | WARNING | omninexus.ingestion.darkpool | FINRA FXB: Symbol not found in response. Status: 404
2026-05-25 20:08:47,526 | WARNING | omninexus.ingestion.darkpool | FXB: Using simulated volume (FINRA API unavailable)
2026-05-25 20:08:47,534 | INFO | omninexus.ingestion.darkpool | FXB: Volume=560,399 | Mean=487,485 | Z-Score=1.04
2026-05-25 20:08:47,536 | INFO | omninexus.ingestion.darkpool | Dark pool baseline saved
2026-05-25 20:08:55,425 | WARNING | omninexus.ingestion.darkpool | FINRA GDX: Symbol not found in response. Status: 404
2026-05-25 20:08:55,427 | WARNING | omninexus.ingestion.darkpool | GDX: Using simulated volume (FINRA API unavailable)
2026-05-25 20:08:55,435 | INFO | omninexus.ingestion.darkpool | GDX: Volume=10,790,557 | Mean=12,582,519 | Z-Score=-1.24
2026-05-25 20:08:55,436 | INFO | omninexus.ingestion.darkpool | Dark pool baseline saved
2026-05-25 20:08:55,437 | INFO | omninexus.ingestion.darkpool | Dark pool scan complete. Anomalies: 0 | Gold Signal: False | GBP Signal: False
2026-05-25 20:08:55,437 | INFO | omninexus.signals.gold | Dark Pool: 0 anomalies | Gold signal: False
2026-05-25 20:08:55,437 | INFO | omninexus.signals.gold | Gold Aggregation complete: Bias=48.1/100 (NEUTRAL) | Confluence=33.3% | Time=72.0s
2026-05-25 20:08:55,464 | INFO | omninexus.signals.gbp | Running GBP Signal Aggregation...
2026-05-25 20:08:55,464 | INFO | omninexus.signals.gbp | Fetching BoE/BoJ yield spread...
2026-05-25 20:08:59,197 | INFO | omninexus.signals.gbp | BoE: 4.821% | BoJ: 2.515% | Spread: 2.306% | Bias: BULLISH
2026-05-25 20:08:59,198 | INFO | omninexus.signals.gbp | Session: NEW YORK SESSION | Volatility: HIGH | Stop-Hunt Risk: MODERATE
2026-05-25 20:08:59,198 | INFO | omninexus.ingestion.darkpool | Scanning dark pools for institutional signals...
2026-05-25 20:09:04,005 | WARNING | omninexus.ingestion.darkpool | FINRA GLD: Symbol not found in response. Status: 404
2026-05-25 20:09:04,006 | WARNING | omninexus.ingestion.darkpool | GLD: Using simulated volume (FINRA API unavailable)
2026-05-25 20:09:04,015 | INFO | omninexus.ingestion.darkpool | GLD: Volume=12,601,622 | Mean=15,342,657 | Z-Score=-1.35
2026-05-25 20:09:04,017 | INFO | omninexus.ingestion.darkpool | Dark pool baseline saved
2026-05-25 20:09:11,925 | WARNING | omninexus.ingestion.darkpool | FINRA IAU: Symbol not found in response. Status: 404
2026-05-25 20:09:11,926 | WARNING | omninexus.ingestion.darkpool | IAU: Using simulated volume (FINRA API unavailable)
2026-05-25 20:09:11,935 | INFO | omninexus.ingestion.darkpool | IAU: Volume=6,416,463 | Mean=7,607,045 | Z-Score=-1.27
2026-05-25 20:09:11,936 | INFO | omninexus.ingestion.darkpool | Dark pool baseline saved
2026-05-25 20:09:28,229 | WARNING | omninexus.ingestion.darkpool | FINRA FXB: Symbol not found in response. Status: 404
2026-05-25 20:09:28,230 | WARNING | omninexus.ingestion.darkpool | FXB: Using simulated volume (FINRA API unavailable)
2026-05-25 20:09:28,242 | INFO | omninexus.ingestion.darkpool | FXB: Volume=425,960 | Mean=494,776 | Z-Score=-0.99
2026-05-25 20:09:28,243 | INFO | omninexus.ingestion.darkpool | Dark pool baseline saved
2026-05-25 20:09:32,825 | WARNING | omninexus.ingestion.darkpool | FINRA GDX: Symbol not found in response. Status: 404
2026-05-25 20:09:32,826 | WARNING | omninexus.ingestion.darkpool | GDX: Using simulated volume (FINRA API unavailable)
2026-05-25 20:09:32,837 | INFO | omninexus.ingestion.darkpool | GDX: Volume=11,898,919 | Mean=12,403,323 | Z-Score=-0.34
2026-05-25 20:09:32,840 | INFO | omninexus.ingestion.darkpool | Dark pool baseline saved
2026-05-25 20:09:32,840 | INFO | omninexus.ingestion.darkpool | Dark pool scan complete. Anomalies: 0 | Gold Signal: False | GBP Signal: False
2026-05-25 20:09:32,840 | INFO | omninexus.signals.gbp | GBP Aggregation complete: Bias=58.5/100 (BULLISH) | Session=NEW YORK SESSION | Time=37.4s
2026-05-25 20:11:37,124 | INFO | omninexus.config | Loading OmniNexus configuration...
2026-05-25 20:11:37,148 | WARNING | omninexus.config | Key Vault unavailable for TELEGRAM-BOT-TOKEN. Falling back to .env. Reason: No module named 'azure'
2026-05-25 20:11:37,148 | INFO | omninexus.config | Secret loaded from .env: TELEGRAM_BOT_TOKEN
2026-05-25 20:11:37,149 | WARNING | omninexus.config | Key Vault unavailable for TELEGRAM-CHAT-ID. Falling back to .env. Reason: No module named 'azure'
2026-05-25 20:11:37,150 | INFO | omninexus.config | Secret loaded from .env: TELEGRAM_CHAT_ID
2026-05-25 20:11:37,151 | WARNING | omninexus.config | Key Vault unavailable for FRED-API-KEY. Falling back to .env. Reason: No module named 'azure'
2026-05-25 20:11:37,151 | INFO | omninexus.config | Secret loaded from .env: FRED_API_KEY
2026-05-25 20:11:37,152 | WARNING | omninexus.config | Key Vault unavailable for GITHUB-API-TOKEN. Falling back to .env. Reason: No module named 'azure'
2026-05-25 20:11:37,152 | INFO | omninexus.config | Secret loaded from .env: GITHUB_API_TOKEN
2026-05-25 20:11:37,153 | WARNING | omninexus.config | Key Vault unavailable for NASA-EARTHDATA-TOKEN. Falling back to .env. Reason: No module named 'azure'
2026-05-25 20:11:37,154 | INFO | omninexus.config | Secret loaded from .env: NASA_EARTHDATA_TOKEN
2026-05-25 20:11:37,155 | WARNING | omninexus.config | Key Vault unavailable for COPERNICUS-CLIENT-ID. Falling back to .env. Reason: No module named 'azure'
2026-05-25 20:11:37,155 | INFO | omninexus.config | Secret loaded from .env: COPERNICUS_CLIENT_ID
2026-05-25 20:11:37,157 | WARNING | omninexus.config | Key Vault unavailable for COPERNICUS-CLIENT-SECRET. Falling back to .env. Reason: No module named 'azure'
2026-05-25 20:11:37,157 | INFO | omninexus.config | Secret loaded from .env: COPERNICUS_CLIENT_SECRET
2026-05-25 20:11:37,159 | WARNING | omninexus.config | Key Vault unavailable for DERIV-API-TOKEN. Falling back to .env. Reason: No module named 'azure'
2026-05-25 20:11:37,159 | INFO | omninexus.config | Secret loaded from .env: DERIV_API_TOKEN
2026-05-25 20:11:37,162 | WARNING | omninexus.config | Key Vault unavailable for COSMOS-ENDPOINT. Falling back to .env. Reason: No module named 'azure'
2026-05-25 20:11:37,162 | INFO | omninexus.config | Secret loaded from .env: COSMOS_ENDPOINT
2026-05-25 20:11:37,164 | WARNING | omninexus.config | Key Vault unavailable for COSMOS-KEY. Falling back to .env. Reason: No module named 'azure'
2026-05-25 20:11:37,168 | INFO | omninexus.config | Secret loaded from .env: COSMOS_KEY
2026-05-25 20:11:37,171 | WARNING | omninexus.config | Key Vault unavailable for COGNITIVE-SERVICES-ENDPOINT. Falling back to .env. Reason: No module named 'azure'
2026-05-25 20:11:37,172 | INFO | omninexus.config | Secret loaded from .env: COGNITIVE_SERVICES_ENDPOINT
2026-05-25 20:11:37,177 | WARNING | omninexus.config | Key Vault unavailable for COGNITIVE-SERVICES-KEY. Falling back to .env. Reason: No module named 'azure'
2026-05-25 20:11:37,185 | INFO | omninexus.config | Secret loaded from .env: COGNITIVE_SERVICES_KEY
2026-05-25 20:11:37,185 | INFO | omninexus.config | Configuration loaded successfully.
2026-05-25 20:11:37,187 | INFO | omninexus.config | Instruments: ['XAUUSD', 'GBPUSD', 'GBPJPY']
2026-05-25 20:11:37,188 | INFO | omninexus.config | Max daily loss: 2.0%
2026-05-25 20:11:37,195 | INFO | omninexus.config | Max drawdown: 5.0%
2026-05-25 20:11:39,396 | INFO | omninexus.ingestion.fred_yield | Calculating Real Yield for XAUUSD signal...
2026-05-25 20:11:41,599 | INFO | omninexus.ingestion.fred_yield | FRED GS10: fetched 5 observations
2026-05-25 20:11:44,164 | INFO | omninexus.ingestion.fred_yield | FRED DFII10: fetched 5 observations
2026-05-25 20:11:45,485 | INFO | omninexus.ingestion.fred_yield | FRED T10YIE: fetched 5 observations
2026-05-25 20:11:55,531 | ERROR | omninexus.ingestion.fred_yield | FRED API request failed for DFII10: HTTPSConnectionPool(host='api.stlouisfed.org', port=443): Max retries exceeded with url: /fred/series/observations?series_id=DFII10&api_key=d6acb8445d5777944ca9a8f432ee2552&file_type=json&sort_order=desc&limit=5&observation_start=2025-05-25 (Caused by ConnectTimeoutError(<HTTPSConnection(host='api.stlouisfed.org', port=443) at 0x17deede7550>, 'Connection to api.stlouisfed.org timed out. (connect timeout=10)'))
2026-05-25 20:11:55,531 | INFO | omninexus.ingestion.fred_yield | Real Yield: 2.180% | Gold Bias: STRONG BEARISH | Breakout: False
2026-05-25 20:11:56,033 | INFO | omninexus.ingestion.friction | Calculating Geopolitical Friction Index...
2026-05-25 20:11:56,299 | WARNING | omninexus.ingestion.friction | Feed parse issue: Reuters World News — <urlopen error [Errno 11001] getaddrinfo failed>
2026-05-25 20:11:58,609 | INFO | omninexus.ingestion.friction | BBC World News: 10 friction articles found
2026-05-25 20:12:02,485 | INFO | omninexus.ingestion.friction | Al Jazeera: 6 friction articles found
2026-05-25 20:12:02,522 | WARNING | omninexus.ingestion.friction | Feed parse issue: Reuters Business — <urlopen error [Errno 11001] getaddrinfo failed>
2026-05-25 20:12:05,797 | INFO | omninexus.ingestion.friction | Financial Times: 7 friction articles found
2026-05-25 20:12:07,547 | INFO | omninexus.ingestion.friction | Bloomberg Markets: 9 friction articles found
2026-05-25 20:12:07,547 | INFO | omninexus.ingestion.friction | Friction Score: 100/100 | Level: CRITICAL | Articles: 32 | Alert: True
2026-05-25 20:12:07,563 | INFO | omninexus.ingestion.darkpool | Scanning dark pools for institutional signals...
2026-05-25 20:12:27,952 | WARNING | omninexus.ingestion.darkpool | FINRA GLD: Symbol not found in response. Status: 404
2026-05-25 20:12:27,953 | WARNING | omninexus.ingestion.darkpool | GLD: Using simulated volume (FINRA API unavailable)
2026-05-25 20:12:28,817 | INFO | omninexus.ingestion.darkpool | GLD: Volume=13,488,526 | Mean=15,093,472 | Z-Score=-0.77
2026-05-25 20:12:28,835 | INFO | omninexus.ingestion.darkpool | Dark pool baseline saved
2026-05-25 20:12:34,552 | WARNING | omninexus.ingestion.darkpool | FINRA IAU: Symbol not found in response. Status: 404
2026-05-25 20:12:34,553 | WARNING | omninexus.ingestion.darkpool | IAU: Using simulated volume (FINRA API unavailable)
2026-05-25 20:12:34,565 | INFO | omninexus.ingestion.darkpool | IAU: Volume=7,585,642 | Mean=7,498,810 | Z-Score=0.09
2026-05-25 20:12:34,567 | INFO | omninexus.ingestion.darkpool | Dark pool baseline saved
2026-05-25 20:12:35,872 | WARNING | omninexus.ingestion.darkpool | FINRA FXB: Symbol not found in response. Status: 404
2026-05-25 20:12:35,873 | WARNING | omninexus.ingestion.darkpool | FXB: Using simulated volume (FINRA API unavailable)
2026-05-25 20:12:35,881 | INFO | omninexus.ingestion.darkpool | FXB: Volume=524,110 | Mean=488,520 | Z-Score=0.51
2026-05-25 20:12:35,883 | INFO | omninexus.ingestion.darkpool | Dark pool baseline saved
2026-05-25 20:12:40,491 | WARNING | omninexus.ingestion.darkpool | FINRA GDX: Symbol not found in response. Status: 404
2026-05-25 20:12:40,493 | WARNING | omninexus.ingestion.darkpool | GDX: Using simulated volume (FINRA API unavailable)
2026-05-25 20:12:40,502 | INFO | omninexus.ingestion.darkpool | GDX: Volume=11,904,757 | Mean=12,357,468 | Z-Score=-0.32
2026-05-25 20:12:40,503 | INFO | omninexus.ingestion.darkpool | Dark pool baseline saved
2026-05-25 20:12:40,504 | INFO | omninexus.ingestion.darkpool | Dark pool scan complete. Anomalies: 0 | Gold Signal: False | GBP Signal: False
2026-05-25 20:12:40,557 | INFO | omninexus.signals.gold | Running Gold Signal Aggregation...
2026-05-25 20:12:40,558 | INFO | omninexus.ingestion.fred_yield | Calculating Real Yield for XAUUSD signal...
2026-05-25 20:12:42,065 | INFO | omninexus.ingestion.fred_yield | FRED GS10: fetched 5 observations
2026-05-25 20:12:43,571 | INFO | omninexus.ingestion.fred_yield | FRED DFII10: fetched 5 observations
2026-05-25 20:12:44,891 | INFO | omninexus.ingestion.fred_yield | FRED T10YIE: fetched 5 observations
2026-05-25 20:12:53,250 | INFO | omninexus.ingestion.fred_yield | FRED DFII10: fetched 5 observations
2026-05-25 20:12:53,252 | INFO | omninexus.ingestion.fred_yield | Real Yield: 2.180% | Gold Bias: STRONG BEARISH | Breakout: False
2026-05-25 20:12:53,253 | INFO | omninexus.signals.gold | Real Yield: 2.180% — STRONG BEARISH
2026-05-25 20:12:53,253 | INFO | omninexus.ingestion.friction | Calculating Geopolitical Friction Index...
2026-05-25 20:12:53,297 | WARNING | omninexus.ingestion.friction | Feed parse issue: Reuters World News — <urlopen error [Errno 11001] getaddrinfo failed>
2026-05-25 20:12:54,153 | INFO | omninexus.ingestion.friction | BBC World News: 10 friction articles found
2026-05-25 20:12:55,033 | INFO | omninexus.ingestion.friction | Al Jazeera: 6 friction articles found
2026-05-25 20:12:55,068 | WARNING | omninexus.ingestion.friction | Feed parse issue: Reuters Business — <urlopen error [Errno 11001] getaddrinfo failed>
2026-05-25 20:13:37,241 | WARNING | omninexus.ingestion.friction | Feed parse issue: Financial Times — <urlopen error [WinError 10060] A connection attempt failed because the connected party did not properly respond after a period of time, or established connection failed because connected host has failed to respond>
2026-05-25 20:13:39,259 | INFO | omninexus.ingestion.friction | Bloomberg Markets: 9 friction articles found
2026-05-25 20:13:39,260 | INFO | omninexus.ingestion.friction | Friction Score: 100/100 | Level: CRITICAL | Articles: 25 | Alert: True
2026-05-25 20:13:39,260 | INFO | omninexus.signals.gold | Friction Score: 100/100 — CRITICAL
2026-05-25 20:13:39,260 | INFO | omninexus.ingestion.darkpool | Scanning dark pools for institutional signals...
2026-05-25 20:13:45,256 | WARNING | omninexus.ingestion.darkpool | FINRA GLD: Symbol not found in response. Status: 404
2026-05-25 20:13:45,257 | WARNING | omninexus.ingestion.darkpool | GLD: Using simulated volume (FINRA API unavailable)
2026-05-25 20:13:45,291 | INFO | omninexus.ingestion.darkpool | GLD: Volume=15,320,108 | Mean=14,959,727 | Z-Score=0.18
2026-05-25 20:13:45,293 | INFO | omninexus.ingestion.darkpool | Dark pool baseline saved
2026-05-25 20:14:19,712 | WARNING | omninexus.ingestion.darkpool | FINRA IAU: Symbol not found in response. Status: 404
2026-05-25 20:14:19,713 | WARNING | omninexus.ingestion.darkpool | IAU: Using simulated volume (FINRA API unavailable)
2026-05-25 20:14:19,722 | INFO | omninexus.ingestion.darkpool | IAU: Volume=6,981,501 | Mean=7,506,046 | Z-Score=-0.57
2026-05-25 20:14:19,724 | INFO | omninexus.ingestion.darkpool | Dark pool baseline saved
2026-05-25 20:14:24,772 | WARNING | omninexus.ingestion.darkpool | FINRA FXB: Symbol not found in response. Status: 404
2026-05-25 20:14:24,773 | WARNING | omninexus.ingestion.darkpool | FXB: Using simulated volume (FINRA API unavailable)
2026-05-25 20:14:24,782 | INFO | omninexus.ingestion.darkpool | FXB: Volume=507,223 | Mean=491,486 | Z-Score=0.23
2026-05-25 20:14:24,784 | INFO | omninexus.ingestion.darkpool | Dark pool baseline saved
2026-05-25 20:14:26,117 | WARNING | omninexus.ingestion.darkpool | FINRA GDX: Symbol not found in response. Status: 404
2026-05-25 20:14:26,118 | WARNING | omninexus.ingestion.darkpool | GDX: Using simulated volume (FINRA API unavailable)
2026-05-25 20:14:26,127 | INFO | omninexus.ingestion.darkpool | GDX: Volume=9,963,979 | Mean=12,319,742 | Z-Score=-1.74
2026-05-25 20:14:26,144 | INFO | omninexus.ingestion.darkpool | Dark pool baseline saved
2026-05-25 20:14:26,144 | INFO | omninexus.ingestion.darkpool | Dark pool scan complete. Anomalies: 0 | Gold Signal: False | GBP Signal: False
2026-05-25 20:14:26,144 | INFO | omninexus.signals.gold | Dark Pool: 0 anomalies | Gold signal: False
2026-05-25 20:14:26,145 | INFO | omninexus.signals.gold | Gold Aggregation complete: Bias=48.1/100 (NEUTRAL) | Confluence=33.3% | Time=105.6s
2026-05-25 20:14:26,190 | INFO | omninexus.signals.gbp | Running GBP Signal Aggregation...
2026-05-25 20:14:26,191 | INFO | omninexus.signals.gbp | Fetching BoE/BoJ yield spread...
2026-05-25 20:14:29,391 | INFO | omninexus.signals.gbp | BoE: 4.821% | BoJ: 2.515% | Spread: 2.306% | Bias: BULLISH
2026-05-25 20:14:29,392 | INFO | omninexus.signals.gbp | Session: NEW YORK SESSION | Volatility: HIGH | Stop-Hunt Risk: MODERATE
2026-05-25 20:14:29,392 | INFO | omninexus.ingestion.darkpool | Scanning dark pools for institutional signals...
2026-05-25 20:14:30,717 | WARNING | omninexus.ingestion.darkpool | FINRA GLD: Symbol not found in response. Status: 404
2026-05-25 20:14:30,718 | WARNING | omninexus.ingestion.darkpool | GLD: Using simulated volume (FINRA API unavailable)
2026-05-25 20:14:30,727 | INFO | omninexus.ingestion.darkpool | GLD: Volume=12,545,409 | Mean=14,987,448 | Z-Score=-1.24
2026-05-25 20:14:30,728 | INFO | omninexus.ingestion.darkpool | Dark pool baseline saved
2026-05-25 20:14:34,892 | WARNING | omninexus.ingestion.darkpool | FINRA IAU: Symbol not found in response. Status: 404
2026-05-25 20:14:34,894 | WARNING | omninexus.ingestion.darkpool | IAU: Using simulated volume (FINRA API unavailable)
2026-05-25 20:14:34,905 | INFO | omninexus.ingestion.darkpool | IAU: Volume=6,677,339 | Mean=7,465,696 | Z-Score=-0.89
2026-05-25 20:14:34,907 | INFO | omninexus.ingestion.darkpool | Dark pool baseline saved
2026-05-25 20:14:39,512 | WARNING | omninexus.ingestion.darkpool | FINRA FXB: Symbol not found in response. Status: 404
2026-05-25 20:14:39,513 | WARNING | omninexus.ingestion.darkpool | FXB: Using simulated volume (FINRA API unavailable)
2026-05-25 20:14:39,522 | INFO | omninexus.ingestion.darkpool | FXB: Volume=579,127 | Mean=492,697 | Z-Score=1.34
2026-05-25 20:14:39,523 | INFO | omninexus.ingestion.darkpool | Dark pool baseline saved
2026-05-25 20:14:43,912 | WARNING | omninexus.ingestion.darkpool | FINRA GDX: Symbol not found in response. Status: 404
2026-05-25 20:14:43,913 | WARNING | omninexus.ingestion.darkpool | GDX: Using simulated volume (FINRA API unavailable)
2026-05-25 20:14:43,922 | INFO | omninexus.ingestion.darkpool | GDX: Volume=12,516,944 | Mean=12,138,529 | Z-Score=0.26
2026-05-25 20:14:43,923 | INFO | omninexus.ingestion.darkpool | Dark pool baseline saved
2026-05-25 20:14:43,924 | INFO | omninexus.ingestion.darkpool | Dark pool scan complete. Anomalies: 0 | Gold Signal: False | GBP Signal: False
2026-05-25 20:14:43,924 | INFO | omninexus.signals.gbp | GBP Aggregation complete: Bias=58.5/100 (BULLISH) | Session=NEW YORK SESSION | Time=17.7s
2026-05-25 23:59:44,946 | INFO | omninexus.config | Loading OmniNexus configuration...
2026-05-26 00:00:18,771 | WARNING | omninexus.config | Key Vault unavailable for TELEGRAM-BOT-TOKEN. Falling back to .env. Reason: DefaultAzureCredential failed to retrieve a token from the included credentials.
Attempted credentials:
	EnvironmentCredential: EnvironmentCredential authentication unavailable. Environment variables are not fully configured.
Visit https://aka.ms/azsdk/python/identity/environmentcredential/troubleshoot to troubleshoot this issue.
	WorkloadIdentityCredential: WorkloadIdentityCredential authentication unavailable. The workload options are not fully configured. See the troubleshooting guide for more information: https://aka.ms/azsdk/python/identity/workloadidentitycredential/troubleshoot. Missing required arguments: 'tenant_id', 'client_id', 'token_file_path'.
	ManagedIdentityCredential: ManagedIdentityCredential authentication unavailable, no response from the IMDS endpoint.
	SharedTokenCacheCredential: SharedTokenCacheCredential authentication unavailable. No accounts were found in the cache.
	VisualStudioCodeCredential: VisualStudioCodeCredential requires the 'azure-identity-broker' package to be installed. You must also ensure you have the Azure Resources extension installed and have signed in to Azure via Visual Studio Code.
	AzureCliCredential: Azure CLI not found on path
	AzurePowerShellCredential: Failed to invoke PowerShell.
To mitigate this issue, please refer to the troubleshooting guidelines here at https://aka.ms/azsdk/python/identity/powershellcredential/troubleshoot.
	AzureDeveloperCliCredential: Azure Developer CLI could not be found. Please visit https://aka.ms/azure-dev for installation instructions and then,once installed, authenticate to your Azure account using 'azd auth login'.
	BrokerCredential: InteractiveBrowserBrokerCredential unavailable. The 'azure-identity-broker' package is required to use brokered authentication.
To mitigate this issue, please refer to the troubleshooting guidelines here at https://aka.ms/azsdk/python/identity/defaultazurecredential/troubleshoot.
2026-05-26 00:00:18,772 | INFO | omninexus.config | Secret loaded from .env: TELEGRAM_BOT_TOKEN
2026-05-26 00:00:24,741 | WARNING | omninexus.config | Key Vault unavailable for TELEGRAM-CHAT-ID. Falling back to .env. Reason: DefaultAzureCredential failed to retrieve a token from the included credentials.
Attempted credentials:
	EnvironmentCredential: EnvironmentCredential authentication unavailable. Environment variables are not fully configured.
Visit https://aka.ms/azsdk/python/identity/environmentcredential/troubleshoot to troubleshoot this issue.
	WorkloadIdentityCredential: WorkloadIdentityCredential authentication unavailable. The workload options are not fully configured. See the troubleshooting guide for more information: https://aka.ms/azsdk/python/identity/workloadidentitycredential/troubleshoot. Missing required arguments: 'tenant_id', 'client_id', 'token_file_path'.
	ManagedIdentityCredential: ManagedIdentityCredential authentication unavailable, no response from the IMDS endpoint.
	SharedTokenCacheCredential: SharedTokenCacheCredential authentication unavailable. No accounts were found in the cache.
	VisualStudioCodeCredential: VisualStudioCodeCredential requires the 'azure-identity-broker' package to be installed. You must also ensure you have the Azure Resources extension installed and have signed in to Azure via Visual Studio Code.
	AzureCliCredential: Azure CLI not found on path
	AzurePowerShellCredential: Az.Account module >= 2.2.0 is not installed
	AzureDeveloperCliCredential: Azure Developer CLI could not be found. Please visit https://aka.ms/azure-dev for installation instructions and then,once installed, authenticate to your Azure account using 'azd auth login'.
	BrokerCredential: InteractiveBrowserBrokerCredential unavailable. The 'azure-identity-broker' package is required to use brokered authentication.
To mitigate this issue, please refer to the troubleshooting guidelines here at https://aka.ms/azsdk/python/identity/defaultazurecredential/troubleshoot.
2026-05-26 00:00:24,742 | INFO | omninexus.config | Secret loaded from .env: TELEGRAM_CHAT_ID
2026-05-26 00:00:26,699 | WARNING | omninexus.config | Key Vault unavailable for FRED-API-KEY. Falling back to .env. Reason: DefaultAzureCredential failed to retrieve a token from the included credentials.
Attempted credentials:
	EnvironmentCredential: EnvironmentCredential authentication unavailable. Environment variables are not fully configured.
Visit https://aka.ms/azsdk/python/identity/environmentcredential/troubleshoot to troubleshoot this issue.
	WorkloadIdentityCredential: WorkloadIdentityCredential authentication unavailable. The workload options are not fully configured. See the troubleshooting guide for more information: https://aka.ms/azsdk/python/identity/workloadidentitycredential/troubleshoot. Missing required arguments: 'tenant_id', 'client_id', 'token_file_path'.
	ManagedIdentityCredential: ManagedIdentityCredential authentication unavailable, no response from the IMDS endpoint.
	SharedTokenCacheCredential: SharedTokenCacheCredential authentication unavailable. No accounts were found in the cache.
	VisualStudioCodeCredential: VisualStudioCodeCredential requires the 'azure-identity-broker' package to be installed. You must also ensure you have the Azure Resources extension installed and have signed in to Azure via Visual Studio Code.
	AzureCliCredential: Azure CLI not found on path
	AzurePowerShellCredential: Az.Account module >= 2.2.0 is not installed
	AzureDeveloperCliCredential: Azure Developer CLI could not be found. Please visit https://aka.ms/azure-dev for installation instructions and then,once installed, authenticate to your Azure account using 'azd auth login'.
	BrokerCredential: InteractiveBrowserBrokerCredential unavailable. The 'azure-identity-broker' package is required to use brokered authentication.
To mitigate this issue, please refer to the troubleshooting guidelines here at https://aka.ms/azsdk/python/identity/defaultazurecredential/troubleshoot.
2026-05-26 00:00:26,700 | INFO | omninexus.config | Secret loaded from .env: FRED_API_KEY
2026-05-26 00:00:28,129 | WARNING | omninexus.config | Key Vault unavailable for GITHUB-API-TOKEN. Falling back to .env. Reason: DefaultAzureCredential failed to retrieve a token from the included credentials.
Attempted credentials:
	EnvironmentCredential: EnvironmentCredential authentication unavailable. Environment variables are not fully configured.
Visit https://aka.ms/azsdk/python/identity/environmentcredential/troubleshoot to troubleshoot this issue.
	WorkloadIdentityCredential: WorkloadIdentityCredential authentication unavailable. The workload options are not fully configured. See the troubleshooting guide for more information: https://aka.ms/azsdk/python/identity/workloadidentitycredential/troubleshoot. Missing required arguments: 'tenant_id', 'client_id', 'token_file_path'.
	ManagedIdentityCredential: ManagedIdentityCredential authentication unavailable, no response from the IMDS endpoint.
	SharedTokenCacheCredential: SharedTokenCacheCredential authentication unavailable. No accounts were found in the cache.
	VisualStudioCodeCredential: VisualStudioCodeCredential requires the 'azure-identity-broker' package to be installed. You must also ensure you have the Azure Resources extension installed and have signed in to Azure via Visual Studio Code.
	AzureCliCredential: Azure CLI not found on path
	AzurePowerShellCredential: Az.Account module >= 2.2.0 is not installed
	AzureDeveloperCliCredential: Azure Developer CLI could not be found. Please visit https://aka.ms/azure-dev for installation instructions and then,once installed, authenticate to your Azure account using 'azd auth login'.
	BrokerCredential: InteractiveBrowserBrokerCredential unavailable. The 'azure-identity-broker' package is required to use brokered authentication.
To mitigate this issue, please refer to the troubleshooting guidelines here at https://aka.ms/azsdk/python/identity/defaultazurecredential/troubleshoot.
2026-05-26 00:00:28,129 | INFO | omninexus.config | Secret loaded from .env: GITHUB_API_TOKEN
2026-05-26 00:00:29,558 | WARNING | omninexus.config | Key Vault unavailable for NASA-EARTHDATA-TOKEN. Falling back to .env. Reason: DefaultAzureCredential failed to retrieve a token from the included credentials.
Attempted credentials:
	EnvironmentCredential: EnvironmentCredential authentication unavailable. Environment variables are not fully configured.
Visit https://aka.ms/azsdk/python/identity/environmentcredential/troubleshoot to troubleshoot this issue.
	WorkloadIdentityCredential: WorkloadIdentityCredential authentication unavailable. The workload options are not fully configured. See the troubleshooting guide for more information: https://aka.ms/azsdk/python/identity/workloadidentitycredential/troubleshoot. Missing required arguments: 'tenant_id', 'client_id', 'token_file_path'.
	ManagedIdentityCredential: ManagedIdentityCredential authentication unavailable, no response from the IMDS endpoint.
	SharedTokenCacheCredential: SharedTokenCacheCredential authentication unavailable. No accounts were found in the cache.
	VisualStudioCodeCredential: VisualStudioCodeCredential requires the 'azure-identity-broker' package to be installed. You must also ensure you have the Azure Resources extension installed and have signed in to Azure via Visual Studio Code.
	AzureCliCredential: Azure CLI not found on path
	AzurePowerShellCredential: Az.Account module >= 2.2.0 is not installed
	AzureDeveloperCliCredential: Azure Developer CLI could not be found. Please visit https://aka.ms/azure-dev for installation instructions and then,once installed, authenticate to your Azure account using 'azd auth login'.
	BrokerCredential: InteractiveBrowserBrokerCredential unavailable. The 'azure-identity-broker' package is required to use brokered authentication.
To mitigate this issue, please refer to the troubleshooting guidelines here at https://aka.ms/azsdk/python/identity/defaultazurecredential/troubleshoot.
2026-05-26 00:00:29,558 | INFO | omninexus.config | Secret loaded from .env: NASA_EARTHDATA_TOKEN
2026-05-26 00:00:30,970 | WARNING | omninexus.config | Key Vault unavailable for COPERNICUS-CLIENT-ID. Falling back to .env. Reason: DefaultAzureCredential failed to retrieve a token from the included credentials.
Attempted credentials:
	EnvironmentCredential: EnvironmentCredential authentication unavailable. Environment variables are not fully configured.
Visit https://aka.ms/azsdk/python/identity/environmentcredential/troubleshoot to troubleshoot this issue.
	WorkloadIdentityCredential: WorkloadIdentityCredential authentication unavailable. The workload options are not fully configured. See the troubleshooting guide for more information: https://aka.ms/azsdk/python/identity/workloadidentitycredential/troubleshoot. Missing required arguments: 'tenant_id', 'client_id', 'token_file_path'.
	ManagedIdentityCredential: ManagedIdentityCredential authentication unavailable, no response from the IMDS endpoint.
	SharedTokenCacheCredential: SharedTokenCacheCredential authentication unavailable. No accounts were found in the cache.
	VisualStudioCodeCredential: VisualStudioCodeCredential requires the 'azure-identity-broker' package to be installed. You must also ensure you have the Azure Resources extension installed and have signed in to Azure via Visual Studio Code.
	AzureCliCredential: Azure CLI not found on path
	AzurePowerShellCredential: Az.Account module >= 2.2.0 is not installed
	AzureDeveloperCliCredential: Azure Developer CLI could not be found. Please visit https://aka.ms/azure-dev for installation instructions and then,once installed, authenticate to your Azure account using 'azd auth login'.
	BrokerCredential: InteractiveBrowserBrokerCredential unavailable. The 'azure-identity-broker' package is required to use brokered authentication.
To mitigate this issue, please refer to the troubleshooting guidelines here at https://aka.ms/azsdk/python/identity/defaultazurecredential/troubleshoot.
2026-05-26 00:00:30,971 | INFO | omninexus.config | Secret loaded from .env: COPERNICUS_CLIENT_ID
2026-05-26 00:00:32,413 | WARNING | omninexus.config | Key Vault unavailable for COPERNICUS-CLIENT-SECRET. Falling back to .env. Reason: DefaultAzureCredential failed to retrieve a token from the included credentials.
Attempted credentials:
	EnvironmentCredential: EnvironmentCredential authentication unavailable. Environment variables are not fully configured.
Visit https://aka.ms/azsdk/python/identity/environmentcredential/troubleshoot to troubleshoot this issue.
	WorkloadIdentityCredential: WorkloadIdentityCredential authentication unavailable. The workload options are not fully configured. See the troubleshooting guide for more information: https://aka.ms/azsdk/python/identity/workloadidentitycredential/troubleshoot. Missing required arguments: 'tenant_id', 'client_id', 'token_file_path'.
	ManagedIdentityCredential: ManagedIdentityCredential authentication unavailable, no response from the IMDS endpoint.
	SharedTokenCacheCredential: SharedTokenCacheCredential authentication unavailable. No accounts were found in the cache.
	VisualStudioCodeCredential: VisualStudioCodeCredential requires the 'azure-identity-broker' package to be installed. You must also ensure you have the Azure Resources extension installed and have signed in to Azure via Visual Studio Code.
	AzureCliCredential: Azure CLI not found on path
	AzurePowerShellCredential: Az.Account module >= 2.2.0 is not installed
	AzureDeveloperCliCredential: Azure Developer CLI could not be found. Please visit https://aka.ms/azure-dev for installation instructions and then,once installed, authenticate to your Azure account using 'azd auth login'.
	BrokerCredential: InteractiveBrowserBrokerCredential unavailable. The 'azure-identity-broker' package is required to use brokered authentication.
To mitigate this issue, please refer to the troubleshooting guidelines here at https://aka.ms/azsdk/python/identity/defaultazurecredential/troubleshoot.
2026-05-26 00:00:32,413 | INFO | omninexus.config | Secret loaded from .env: COPERNICUS_CLIENT_SECRET
2026-05-26 00:00:33,805 | WARNING | omninexus.config | Key Vault unavailable for DERIV-API-TOKEN. Falling back to .env. Reason: DefaultAzureCredential failed to retrieve a token from the included credentials.
Attempted credentials:
	EnvironmentCredential: EnvironmentCredential authentication unavailable. Environment variables are not fully configured.
Visit https://aka.ms/azsdk/python/identity/environmentcredential/troubleshoot to troubleshoot this issue.
	WorkloadIdentityCredential: WorkloadIdentityCredential authentication unavailable. The workload options are not fully configured. See the troubleshooting guide for more information: https://aka.ms/azsdk/python/identity/workloadidentitycredential/troubleshoot. Missing required arguments: 'tenant_id', 'client_id', 'token_file_path'.
	ManagedIdentityCredential: ManagedIdentityCredential authentication unavailable, no response from the IMDS endpoint.
	SharedTokenCacheCredential: SharedTokenCacheCredential authentication unavailable. No accounts were found in the cache.
	VisualStudioCodeCredential: VisualStudioCodeCredential requires the 'azure-identity-broker' package to be installed. You must also ensure you have the Azure Resources extension installed and have signed in to Azure via Visual Studio Code.
	AzureCliCredential: Azure CLI not found on path
	AzurePowerShellCredential: Az.Account module >= 2.2.0 is not installed
	AzureDeveloperCliCredential: Azure Developer CLI could not be found. Please visit https://aka.ms/azure-dev for installation instructions and then,once installed, authenticate to your Azure account using 'azd auth login'.
	BrokerCredential: InteractiveBrowserBrokerCredential unavailable. The 'azure-identity-broker' package is required to use brokered authentication.
To mitigate this issue, please refer to the troubleshooting guidelines here at https://aka.ms/azsdk/python/identity/defaultazurecredential/troubleshoot.
2026-05-26 00:00:33,806 | INFO | omninexus.config | Secret loaded from .env: DERIV_API_TOKEN
2026-05-26 00:00:35,199 | WARNING | omninexus.config | Key Vault unavailable for COSMOS-ENDPOINT. Falling back to .env. Reason: DefaultAzureCredential failed to retrieve a token from the included credentials.
Attempted credentials:
	EnvironmentCredential: EnvironmentCredential authentication unavailable. Environment variables are not fully configured.
Visit https://aka.ms/azsdk/python/identity/environmentcredential/troubleshoot to troubleshoot this issue.
	WorkloadIdentityCredential: WorkloadIdentityCredential authentication unavailable. The workload options are not fully configured. See the troubleshooting guide for more information: https://aka.ms/azsdk/python/identity/workloadidentitycredential/troubleshoot. Missing required arguments: 'tenant_id', 'client_id', 'token_file_path'.
	ManagedIdentityCredential: ManagedIdentityCredential authentication unavailable, no response from the IMDS endpoint.
	SharedTokenCacheCredential: SharedTokenCacheCredential authentication unavailable. No accounts were found in the cache.
	VisualStudioCodeCredential: VisualStudioCodeCredential requires the 'azure-identity-broker' package to be installed. You must also ensure you have the Azure Resources extension installed and have signed in to Azure via Visual Studio Code.
	AzureCliCredential: Azure CLI not found on path
	AzurePowerShellCredential: Az.Account module >= 2.2.0 is not installed
	AzureDeveloperCliCredential: Azure Developer CLI could not be found. Please visit https://aka.ms/azure-dev for installation instructions and then,once installed, authenticate to your Azure account using 'azd auth login'.
	BrokerCredential: InteractiveBrowserBrokerCredential unavailable. The 'azure-identity-broker' package is required to use brokered authentication.
To mitigate this issue, please refer to the troubleshooting guidelines here at https://aka.ms/azsdk/python/identity/defaultazurecredential/troubleshoot.
2026-05-26 00:00:35,199 | INFO | omninexus.config | Secret loaded from .env: COSMOS_ENDPOINT
2026-05-26 00:00:36,586 | WARNING | omninexus.config | Key Vault unavailable for COSMOS-KEY. Falling back to .env. Reason: DefaultAzureCredential failed to retrieve a token from the included credentials.
Attempted credentials:
	EnvironmentCredential: EnvironmentCredential authentication unavailable. Environment variables are not fully configured.
Visit https://aka.ms/azsdk/python/identity/environmentcredential/troubleshoot to troubleshoot this issue.
	WorkloadIdentityCredential: WorkloadIdentityCredential authentication unavailable. The workload options are not fully configured. See the troubleshooting guide for more information: https://aka.ms/azsdk/python/identity/workloadidentitycredential/troubleshoot. Missing required arguments: 'tenant_id', 'client_id', 'token_file_path'.
	ManagedIdentityCredential: ManagedIdentityCredential authentication unavailable, no response from the IMDS endpoint.
	SharedTokenCacheCredential: SharedTokenCacheCredential authentication unavailable. No accounts were found in the cache.
	VisualStudioCodeCredential: VisualStudioCodeCredential requires the 'azure-identity-broker' package to be installed. You must also ensure you have the Azure Resources extension installed and have signed in to Azure via Visual Studio Code.
	AzureCliCredential: Azure CLI not found on path
	AzurePowerShellCredential: Az.Account module >= 2.2.0 is not installed
	AzureDeveloperCliCredential: Azure Developer CLI could not be found. Please visit https://aka.ms/azure-dev for installation instructions and then,once installed, authenticate to your Azure account using 'azd auth login'.
	BrokerCredential: InteractiveBrowserBrokerCredential unavailable. The 'azure-identity-broker' package is required to use brokered authentication.
To mitigate this issue, please refer to the troubleshooting guidelines here at https://aka.ms/azsdk/python/identity/defaultazurecredential/troubleshoot.
2026-05-26 00:00:36,586 | INFO | omninexus.config | Secret loaded from .env: COSMOS_KEY
2026-05-26 00:00:38,067 | WARNING | omninexus.config | Key Vault unavailable for COGNITIVE-SERVICES-ENDPOINT. Falling back to .env. Reason: DefaultAzureCredential failed to retrieve a token from the included credentials.
Attempted credentials:
	EnvironmentCredential: EnvironmentCredential authentication unavailable. Environment variables are not fully configured.
Visit https://aka.ms/azsdk/python/identity/environmentcredential/troubleshoot to troubleshoot this issue.
	WorkloadIdentityCredential: WorkloadIdentityCredential authentication unavailable. The workload options are not fully configured. See the troubleshooting guide for more information: https://aka.ms/azsdk/python/identity/workloadidentitycredential/troubleshoot. Missing required arguments: 'tenant_id', 'client_id', 'token_file_path'.
	ManagedIdentityCredential: ManagedIdentityCredential authentication unavailable, no response from the IMDS endpoint.
	SharedTokenCacheCredential: SharedTokenCacheCredential authentication unavailable. No accounts were found in the cache.
	VisualStudioCodeCredential: VisualStudioCodeCredential requires the 'azure-identity-broker' package to be installed. You must also ensure you have the Azure Resources extension installed and have signed in to Azure via Visual Studio Code.
	AzureCliCredential: Azure CLI not found on path
	AzurePowerShellCredential: Az.Account module >= 2.2.0 is not installed
	AzureDeveloperCliCredential: Azure Developer CLI could not be found. Please visit https://aka.ms/azure-dev for installation instructions and then,once installed, authenticate to your Azure account using 'azd auth login'.
	BrokerCredential: InteractiveBrowserBrokerCredential unavailable. The 'azure-identity-broker' package is required to use brokered authentication.
To mitigate this issue, please refer to the troubleshooting guidelines here at https://aka.ms/azsdk/python/identity/defaultazurecredential/troubleshoot.
2026-05-26 00:00:38,068 | INFO | omninexus.config | Secret loaded from .env: COGNITIVE_SERVICES_ENDPOINT
2026-05-26 00:00:39,474 | WARNING | omninexus.config | Key Vault unavailable for COGNITIVE-SERVICES-KEY. Falling back to .env. Reason: DefaultAzureCredential failed to retrieve a token from the included credentials.
Attempted credentials:
	EnvironmentCredential: EnvironmentCredential authentication unavailable. Environment variables are not fully configured.
Visit https://aka.ms/azsdk/python/identity/environmentcredential/troubleshoot to troubleshoot this issue.
	WorkloadIdentityCredential: WorkloadIdentityCredential authentication unavailable. The workload options are not fully configured. See the troubleshooting guide for more information: https://aka.ms/azsdk/python/identity/workloadidentitycredential/troubleshoot. Missing required arguments: 'tenant_id', 'client_id', 'token_file_path'.
	ManagedIdentityCredential: ManagedIdentityCredential authentication unavailable, no response from the IMDS endpoint.
	SharedTokenCacheCredential: SharedTokenCacheCredential authentication unavailable. No accounts were found in the cache.
	VisualStudioCodeCredential: VisualStudioCodeCredential requires the 'azure-identity-broker' package to be installed. You must also ensure you have the Azure Resources extension installed and have signed in to Azure via Visual Studio Code.
	AzureCliCredential: Azure CLI not found on path
	AzurePowerShellCredential: Az.Account module >= 2.2.0 is not installed
	AzureDeveloperCliCredential: Azure Developer CLI could not be found. Please visit https://aka.ms/azure-dev for installation instructions and then,once installed, authenticate to your Azure account using 'azd auth login'.
	BrokerCredential: InteractiveBrowserBrokerCredential unavailable. The 'azure-identity-broker' package is required to use brokered authentication.
To mitigate this issue, please refer to the troubleshooting guidelines here at https://aka.ms/azsdk/python/identity/defaultazurecredential/troubleshoot.
2026-05-26 00:00:39,475 | INFO | omninexus.config | Secret loaded from .env: COGNITIVE_SERVICES_KEY
2026-05-26 00:00:39,475 | INFO | omninexus.config | Configuration loaded successfully.
2026-05-26 00:00:39,475 | INFO | omninexus.config | Instruments: ['XAUUSD', 'GBPUSD', 'GBPJPY']
2026-05-26 00:00:39,487 | INFO | omninexus.config | Max daily loss: 2.0%
2026-05-26 00:00:39,487 | INFO | omninexus.config | Max drawdown: 5.0%
2026-05-26 00:00:39,540 | INFO | omninexus.ingestion.fred_yield | Calculating Real Yield for XAUUSD signal...
2026-05-26 00:00:42,478 | INFO | omninexus.ingestion.fred_yield | FRED GS10: fetched 5 observations
2026-05-26 00:00:44,492 | INFO | omninexus.ingestion.fred_yield | FRED DFII10: fetched 5 observations
2026-05-26 00:00:45,681 | INFO | omninexus.ingestion.fred_yield | FRED T10YIE: fetched 5 observations
2026-05-26 00:00:46,841 | INFO | omninexus.ingestion.fred_yield | FRED DFII10: fetched 5 observations
2026-05-26 00:00:46,843 | INFO | omninexus.ingestion.fred_yield | Real Yield: 2.180% | Gold Bias: STRONG BEARISH | Breakout: False
2026-05-26 00:00:47,221 | INFO | omninexus.ingestion.friction | Calculating Geopolitical Friction Index...
2026-05-26 00:00:47,433 | WARNING | omninexus.ingestion.friction | Feed parse issue: Reuters World News — <urlopen error [Errno 11001] getaddrinfo failed>
2026-05-26 00:00:48,414 | INFO | omninexus.ingestion.friction | BBC World News: 11 friction articles found
2026-05-26 00:00:48,854 | INFO | omninexus.ingestion.friction | Al Jazeera: 8 friction articles found
2026-05-26 00:00:48,895 | WARNING | omninexus.ingestion.friction | Feed parse issue: Reuters Business — <urlopen error [Errno 11001] getaddrinfo failed>
2026-05-26 00:00:51,246 | INFO | omninexus.ingestion.friction | Financial Times: 6 friction articles found
2026-05-26 00:00:52,354 | INFO | omninexus.ingestion.friction | Bloomberg Markets: 10 friction articles found
2026-05-26 00:00:52,355 | INFO | omninexus.ingestion.friction | Friction Score: 100/100 | Level: CRITICAL | Articles: 35 | Alert: True
2026-05-26 00:00:52,407 | INFO | omninexus.ingestion.darkpool | Scanning dark pools for institutional signals...
2026-05-26 00:00:57,846 | WARNING | omninexus.ingestion.darkpool | FINRA GLD: Symbol not found in response. Status: 404
2026-05-26 00:00:57,848 | WARNING | omninexus.ingestion.darkpool | GLD: Using simulated volume (FINRA API unavailable)
2026-05-26 00:00:58,061 | INFO | omninexus.ingestion.darkpool | GLD: Volume=14,869,491 | Mean=14,813,017 | Z-Score=0.03
2026-05-26 00:00:58,063 | INFO | omninexus.ingestion.darkpool | Dark pool baseline saved
2026-05-26 00:01:01,947 | WARNING | omninexus.ingestion.darkpool | FINRA IAU: Symbol not found in response. Status: 404
2026-05-26 00:01:01,948 | WARNING | omninexus.ingestion.darkpool | IAU: Using simulated volume (FINRA API unavailable)
2026-05-26 00:01:02,000 | INFO | omninexus.ingestion.darkpool | IAU: Volume=9,017,237 | Mean=7,409,385 | Z-Score=1.83
2026-05-26 00:01:02,005 | INFO | omninexus.ingestion.darkpool | Dark pool baseline saved
2026-05-26 00:01:07,707 | WARNING | omninexus.ingestion.darkpool | FINRA FXB: Symbol not found in response. Status: 404
2026-05-26 00:01:07,707 | WARNING | omninexus.ingestion.darkpool | FXB: Using simulated volume (FINRA API unavailable)
2026-05-26 00:01:07,716 | INFO | omninexus.ingestion.darkpool | FXB: Volume=591,997 | Mean=498,870 | Z-Score=1.41
2026-05-26 00:01:07,719 | INFO | omninexus.ingestion.darkpool | Dark pool baseline saved
2026-05-26 00:01:12,917 | WARNING | omninexus.ingestion.darkpool | FINRA GDX: Symbol not found in response. Status: 404
2026-05-26 00:01:12,918 | WARNING | omninexus.ingestion.darkpool | GDX: Using simulated volume (FINRA API unavailable)
2026-05-26 00:01:12,992 | INFO | omninexus.ingestion.darkpool | GDX: Volume=11,686,717 | Mean=12,165,559 | Z-Score=-0.34
2026-05-26 00:01:12,994 | INFO | omninexus.ingestion.darkpool | Dark pool baseline saved
2026-05-26 00:01:12,994 | INFO | omninexus.ingestion.darkpool | Dark pool scan complete. Anomalies: 0 | Gold Signal: False | GBP Signal: False
2026-05-26 00:01:13,030 | INFO | omninexus.signals.gold | Running Gold Signal Aggregation...
2026-05-26 00:01:13,031 | INFO | omninexus.ingestion.fred_yield | Calculating Real Yield for XAUUSD signal...
2026-05-26 00:01:14,651 | INFO | omninexus.ingestion.fred_yield | FRED GS10: fetched 5 observations
2026-05-26 00:01:18,003 | INFO | omninexus.ingestion.fred_yield | FRED DFII10: fetched 5 observations
2026-05-26 00:01:19,164 | INFO | omninexus.ingestion.fred_yield | FRED T10YIE: fetched 5 observations
2026-05-26 00:01:20,267 | INFO | omninexus.ingestion.fred_yield | FRED DFII10: fetched 5 observations
2026-05-26 00:01:20,269 | INFO | omninexus.ingestion.fred_yield | Real Yield: 2.180% | Gold Bias: STRONG BEARISH | Breakout: False
2026-05-26 00:01:20,270 | INFO | omninexus.signals.gold | Real Yield: 2.180% — STRONG BEARISH
2026-05-26 00:01:20,270 | INFO | omninexus.ingestion.friction | Calculating Geopolitical Friction Index...
2026-05-26 00:01:20,310 | WARNING | omninexus.ingestion.friction | Feed parse issue: Reuters World News — <urlopen error [Errno 11001] getaddrinfo failed>
2026-05-26 00:01:21,010 | INFO | omninexus.ingestion.friction | BBC World News: 11 friction articles found
2026-05-26 00:01:21,388 | INFO | omninexus.ingestion.friction | Al Jazeera: 8 friction articles found
2026-05-26 00:01:21,424 | WARNING | omninexus.ingestion.friction | Feed parse issue: Reuters Business — <urlopen error [Errno 11001] getaddrinfo failed>
2026-05-26 00:01:23,062 | INFO | omninexus.ingestion.friction | Financial Times: 6 friction articles found
2026-05-26 00:01:23,981 | INFO | omninexus.ingestion.friction | Bloomberg Markets: 10 friction articles found
2026-05-26 00:01:23,982 | INFO | omninexus.ingestion.friction | Friction Score: 100/100 | Level: CRITICAL | Articles: 35 | Alert: True
2026-05-26 00:01:23,982 | INFO | omninexus.signals.gold | Friction Score: 100/100 — CRITICAL
2026-05-26 00:01:23,982 | INFO | omninexus.ingestion.darkpool | Scanning dark pools for institutional signals...
2026-05-26 00:01:28,923 | WARNING | omninexus.ingestion.darkpool | FINRA GLD: Symbol not found in response. Status: 404
2026-05-26 00:01:28,925 | WARNING | omninexus.ingestion.darkpool | GLD: Using simulated volume (FINRA API unavailable)
2026-05-26 00:01:28,938 | INFO | omninexus.ingestion.darkpool | GLD: Volume=13,864,461 | Mean=14,816,782 | Z-Score=-0.49
2026-05-26 00:01:28,940 | INFO | omninexus.ingestion.darkpool | Dark pool baseline saved
2026-05-26 00:01:33,399 | WARNING | omninexus.ingestion.darkpool | FINRA IAU: Symbol not found in response. Status: 404
2026-05-26 00:01:33,401 | WARNING | omninexus.ingestion.darkpool | IAU: Using simulated volume (FINRA API unavailable)
2026-05-26 00:01:33,427 | INFO | omninexus.ingestion.darkpool | IAU: Volume=7,084,492 | Mean=7,516,575 | Z-Score=-0.46
2026-05-26 00:01:33,428 | INFO | omninexus.ingestion.darkpool | Dark pool baseline saved
2026-05-26 00:01:37,710 | WARNING | omninexus.ingestion.darkpool | FINRA FXB: Symbol not found in response. Status: 404
2026-05-26 00:01:37,712 | WARNING | omninexus.ingestion.darkpool | FXB: Using simulated volume (FINRA API unavailable)
2026-05-26 00:01:37,721 | INFO | omninexus.ingestion.darkpool | FXB: Volume=422,639 | Mean=505,079 | Z-Score=-1.21
2026-05-26 00:01:37,726 | INFO | omninexus.ingestion.darkpool | Dark pool baseline saved
2026-05-26 00:01:42,130 | WARNING | omninexus.ingestion.darkpool | FINRA GDX: Symbol not found in response. Status: 404
2026-05-26 00:01:42,132 | WARNING | omninexus.ingestion.darkpool | GDX: Using simulated volume (FINRA API unavailable)
2026-05-26 00:01:42,140 | INFO | omninexus.ingestion.darkpool | GDX: Volume=13,029,760 | Mean=12,133,636 | Z-Score=0.66
2026-05-26 00:01:42,142 | INFO | omninexus.ingestion.darkpool | Dark pool baseline saved
2026-05-26 00:01:42,142 | INFO | omninexus.ingestion.darkpool | Dark pool scan complete. Anomalies: 0 | Gold Signal: False | GBP Signal: False
2026-05-26 00:01:42,142 | INFO | omninexus.signals.gold | Dark Pool: 0 anomalies | Gold signal: False
2026-05-26 00:01:42,143 | INFO | omninexus.signals.gold | Gold Aggregation complete: Bias=48.1/100 (NEUTRAL) | Confluence=33.3% | Time=29.1s
2026-05-26 00:01:42,183 | INFO | omninexus.signals.gbp | Running GBP Signal Aggregation...
2026-05-26 00:01:42,183 | INFO | omninexus.signals.gbp | Fetching BoE/BoJ yield spread...
2026-05-26 00:01:45,792 | INFO | omninexus.signals.gbp | BoE: 4.821% | BoJ: 2.515% | Spread: 2.306% | Bias: BULLISH
2026-05-26 00:01:45,793 | INFO | omninexus.signals.gbp | Session: OFF-HOURS | Volatility: LOW | Stop-Hunt Risk: LOW
2026-05-26 00:01:45,793 | INFO | omninexus.ingestion.darkpool | Scanning dark pools for institutional signals...
2026-05-26 00:01:50,770 | WARNING | omninexus.ingestion.darkpool | FINRA GLD: Symbol not found in response. Status: 404
2026-05-26 00:01:50,771 | WARNING | omninexus.ingestion.darkpool | GLD: Using simulated volume (FINRA API unavailable)
2026-05-26 00:01:50,780 | INFO | omninexus.ingestion.darkpool | GLD: Volume=15,300,193 | Mean=14,757,262 | Z-Score=0.29
2026-05-26 00:01:50,782 | INFO | omninexus.ingestion.darkpool | Dark pool baseline saved
2026-05-26 00:01:51,942 | WARNING | omninexus.ingestion.darkpool | FINRA IAU: Symbol not found in response. Status: 404
2026-05-26 00:01:51,944 | WARNING | omninexus.ingestion.darkpool | IAU: Using simulated volume (FINRA API unavailable)
2026-05-26 00:01:51,952 | INFO | omninexus.ingestion.darkpool | IAU: Volume=6,464,871 | Mean=7,489,570 | Z-Score=-1.12
2026-05-26 00:01:51,955 | INFO | omninexus.ingestion.darkpool | Dark pool baseline saved
2026-05-26 00:01:53,183 | WARNING | omninexus.ingestion.darkpool | FINRA FXB: Symbol not found in response. Status: 404
2026-05-26 00:01:53,184 | WARNING | omninexus.ingestion.darkpool | FXB: Using simulated volume (FINRA API unavailable)
2026-05-26 00:01:53,197 | INFO | omninexus.ingestion.darkpool | FXB: Volume=533,455 | Mean=499,926 | Z-Score=0.49
2026-05-26 00:01:53,199 | INFO | omninexus.ingestion.darkpool | Dark pool baseline saved
2026-05-26 00:01:57,323 | WARNING | omninexus.ingestion.darkpool | FINRA GDX: Symbol not found in response. Status: 404
2026-05-26 00:01:57,325 | WARNING | omninexus.ingestion.darkpool | GDX: Using simulated volume (FINRA API unavailable)
2026-05-26 00:01:57,349 | INFO | omninexus.ingestion.darkpool | GDX: Volume=10,920,731 | Mean=12,189,644 | Z-Score=-0.96
2026-05-26 00:01:57,351 | INFO | omninexus.ingestion.darkpool | Dark pool baseline saved
2026-05-26 00:01:57,351 | INFO | omninexus.ingestion.darkpool | Dark pool scan complete. Anomalies: 0 | Gold Signal: False | GBP Signal: False
2026-05-26 00:01:57,352 | INFO | omninexus.signals.gbp | GBP Aggregation complete: Bias=48.2/100 (NEUTRAL) | Session=OFF-HOURS | Time=15.2s
2026-05-26 01:16:39,325 | INFO | omninexus.config | Loading OmniNexus configuration...
2026-05-26 01:17:44,501 | WARNING | omninexus.config | Key Vault unavailable for TELEGRAM-BOT-TOKEN. Falling back to .env. Reason: DefaultAzureCredential failed to retrieve a token from the included credentials.
Attempted credentials:
	EnvironmentCredential: EnvironmentCredential authentication unavailable. Environment variables are not fully configured.
Visit https://aka.ms/azsdk/python/identity/environmentcredential/troubleshoot to troubleshoot this issue.
	WorkloadIdentityCredential: WorkloadIdentityCredential authentication unavailable. The workload options are not fully configured. See the troubleshooting guide for more information: https://aka.ms/azsdk/python/identity/workloadidentitycredential/troubleshoot. Missing required arguments: 'tenant_id', 'client_id', 'token_file_path'.
	ManagedIdentityCredential: ManagedIdentityCredential authentication unavailable, no response from the IMDS endpoint.
	SharedTokenCacheCredential: SharedTokenCacheCredential authentication unavailable. No accounts were found in the cache.
	VisualStudioCodeCredential: VisualStudioCodeCredential requires the 'azure-identity-broker' package to be installed. You must also ensure you have the Azure Resources extension installed and have signed in to Azure via Visual Studio Code.
	AzureCliCredential: Azure CLI not found on path
	AzurePowerShellCredential: Failed to invoke PowerShell.
To mitigate this issue, please refer to the troubleshooting guidelines here at https://aka.ms/azsdk/python/identity/powershellcredential/troubleshoot.
	AzureDeveloperCliCredential: Azure Developer CLI could not be found. Please visit https://aka.ms/azure-dev for installation instructions and then,once installed, authenticate to your Azure account using 'azd auth login'.
	BrokerCredential: InteractiveBrowserBrokerCredential unavailable. The 'azure-identity-broker' package is required to use brokered authentication.
To mitigate this issue, please refer to the troubleshooting guidelines here at https://aka.ms/azsdk/python/identity/defaultazurecredential/troubleshoot.
2026-05-26 01:17:44,502 | INFO | omninexus.config | Secret loaded from .env: TELEGRAM_BOT_TOKEN
2026-05-26 01:17:55,541 | WARNING | omninexus.config | Key Vault unavailable for TELEGRAM-CHAT-ID. Falling back to .env. Reason: DefaultAzureCredential failed to retrieve a token from the included credentials.
Attempted credentials:
	EnvironmentCredential: EnvironmentCredential authentication unavailable. Environment variables are not fully configured.
Visit https://aka.ms/azsdk/python/identity/environmentcredential/troubleshoot to troubleshoot this issue.
	WorkloadIdentityCredential: WorkloadIdentityCredential authentication unavailable. The workload options are not fully configured. See the troubleshooting guide for more information: https://aka.ms/azsdk/python/identity/workloadidentitycredential/troubleshoot. Missing required arguments: 'tenant_id', 'client_id', 'token_file_path'.
	ManagedIdentityCredential: ManagedIdentityCredential authentication unavailable, no response from the IMDS endpoint.
	SharedTokenCacheCredential: SharedTokenCacheCredential authentication unavailable. No accounts were found in the cache.
	VisualStudioCodeCredential: VisualStudioCodeCredential requires the 'azure-identity-broker' package to be installed. You must also ensure you have the Azure Resources extension installed and have signed in to Azure via Visual Studio Code.
	AzureCliCredential: Azure CLI not found on path
	AzurePowerShellCredential: Failed to invoke PowerShell.
To mitigate this issue, please refer to the troubleshooting guidelines here at https://aka.ms/azsdk/python/identity/powershellcredential/troubleshoot.
	AzureDeveloperCliCredential: Azure Developer CLI could not be found. Please visit https://aka.ms/azure-dev for installation instructions and then,once installed, authenticate to your Azure account using 'azd auth login'.
	BrokerCredential: InteractiveBrowserBrokerCredential unavailable. The 'azure-identity-broker' package is required to use brokered authentication.
To mitigate this issue, please refer to the troubleshooting guidelines here at https://aka.ms/azsdk/python/identity/defaultazurecredential/troubleshoot.
2026-05-26 01:17:55,542 | INFO | omninexus.config | Secret loaded from .env: TELEGRAM_CHAT_ID
2026-05-26 01:17:57,260 | WARNING | omninexus.config | Key Vault unavailable for FRED-API-KEY. Falling back to .env. Reason: DefaultAzureCredential failed to retrieve a token from the included credentials.
Attempted credentials:
	EnvironmentCredential: EnvironmentCredential authentication unavailable. Environment variables are not fully configured.
Visit https://aka.ms/azsdk/python/identity/environmentcredential/troubleshoot to troubleshoot this issue.
	WorkloadIdentityCredential: WorkloadIdentityCredential authentication unavailable. The workload options are not fully configured. See the troubleshooting guide for more information: https://aka.ms/azsdk/python/identity/workloadidentitycredential/troubleshoot. Missing required arguments: 'tenant_id', 'client_id', 'token_file_path'.
	ManagedIdentityCredential: ManagedIdentityCredential authentication unavailable, no response from the IMDS endpoint.
	SharedTokenCacheCredential: SharedTokenCacheCredential authentication unavailable. No accounts were found in the cache.
	VisualStudioCodeCredential: VisualStudioCodeCredential requires the 'azure-identity-broker' package to be installed. You must also ensure you have the Azure Resources extension installed and have signed in to Azure via Visual Studio Code.
	AzureCliCredential: Azure CLI not found on path
	AzurePowerShellCredential: Az.Account module >= 2.2.0 is not installed
	AzureDeveloperCliCredential: Azure Developer CLI could not be found. Please visit https://aka.ms/azure-dev for installation instructions and then,once installed, authenticate to your Azure account using 'azd auth login'.
	BrokerCredential: InteractiveBrowserBrokerCredential unavailable. The 'azure-identity-broker' package is required to use brokered authentication.
To mitigate this issue, please refer to the troubleshooting guidelines here at https://aka.ms/azsdk/python/identity/defaultazurecredential/troubleshoot.
2026-05-26 01:17:57,276 | INFO | omninexus.config | Secret loaded from .env: FRED_API_KEY
2026-05-26 01:17:58,902 | WARNING | omninexus.config | Key Vault unavailable for GITHUB-API-TOKEN. Falling back to .env. Reason: DefaultAzureCredential failed to retrieve a token from the included credentials.
Attempted credentials:
	EnvironmentCredential: EnvironmentCredential authentication unavailable. Environment variables are not fully configured.
Visit https://aka.ms/azsdk/python/identity/environmentcredential/troubleshoot to troubleshoot this issue.
	WorkloadIdentityCredential: WorkloadIdentityCredential authentication unavailable. The workload options are not fully configured. See the troubleshooting guide for more information: https://aka.ms/azsdk/python/identity/workloadidentitycredential/troubleshoot. Missing required arguments: 'tenant_id', 'client_id', 'token_file_path'.
	ManagedIdentityCredential: ManagedIdentityCredential authentication unavailable, no response from the IMDS endpoint.
	SharedTokenCacheCredential: SharedTokenCacheCredential authentication unavailable. No accounts were found in the cache.
	VisualStudioCodeCredential: VisualStudioCodeCredential requires the 'azure-identity-broker' package to be installed. You must also ensure you have the Azure Resources extension installed and have signed in to Azure via Visual Studio Code.
	AzureCliCredential: Azure CLI not found on path
	AzurePowerShellCredential: Az.Account module >= 2.2.0 is not installed
	AzureDeveloperCliCredential: Azure Developer CLI could not be found. Please visit https://aka.ms/azure-dev for installation instructions and then,once installed, authenticate to your Azure account using 'azd auth login'.
	BrokerCredential: InteractiveBrowserBrokerCredential unavailable. The 'azure-identity-broker' package is required to use brokered authentication.
To mitigate this issue, please refer to the troubleshooting guidelines here at https://aka.ms/azsdk/python/identity/defaultazurecredential/troubleshoot.
2026-05-26 01:17:58,902 | INFO | omninexus.config | Secret loaded from .env: GITHUB_API_TOKEN
2026-05-26 01:18:00,467 | WARNING | omninexus.config | Key Vault unavailable for NASA-EARTHDATA-TOKEN. Falling back to .env. Reason: DefaultAzureCredential failed to retrieve a token from the included credentials.
Attempted credentials:
	EnvironmentCredential: EnvironmentCredential authentication unavailable. Environment variables are not fully configured.
Visit https://aka.ms/azsdk/python/identity/environmentcredential/troubleshoot to troubleshoot this issue.
	WorkloadIdentityCredential: WorkloadIdentityCredential authentication unavailable. The workload options are not fully configured. See the troubleshooting guide for more information: https://aka.ms/azsdk/python/identity/workloadidentitycredential/troubleshoot. Missing required arguments: 'tenant_id', 'client_id', 'token_file_path'.
	ManagedIdentityCredential: ManagedIdentityCredential authentication unavailable, no response from the IMDS endpoint.
	SharedTokenCacheCredential: SharedTokenCacheCredential authentication unavailable. No accounts were found in the cache.
	VisualStudioCodeCredential: VisualStudioCodeCredential requires the 'azure-identity-broker' package to be installed. You must also ensure you have the Azure Resources extension installed and have signed in to Azure via Visual Studio Code.
	AzureCliCredential: Azure CLI not found on path
	AzurePowerShellCredential: Az.Account module >= 2.2.0 is not installed
	AzureDeveloperCliCredential: Azure Developer CLI could not be found. Please visit https://aka.ms/azure-dev for installation instructions and then,once installed, authenticate to your Azure account using 'azd auth login'.
	BrokerCredential: InteractiveBrowserBrokerCredential unavailable. The 'azure-identity-broker' package is required to use brokered authentication.
To mitigate this issue, please refer to the troubleshooting guidelines here at https://aka.ms/azsdk/python/identity/defaultazurecredential/troubleshoot.
2026-05-26 01:18:00,467 | INFO | omninexus.config | Secret loaded from .env: NASA_EARTHDATA_TOKEN
2026-05-26 01:18:02,048 | WARNING | omninexus.config | Key Vault unavailable for COPERNICUS-CLIENT-ID. Falling back to .env. Reason: DefaultAzureCredential failed to retrieve a token from the included credentials.
Attempted credentials:
	EnvironmentCredential: EnvironmentCredential authentication unavailable. Environment variables are not fully configured.
Visit https://aka.ms/azsdk/python/identity/environmentcredential/troubleshoot to troubleshoot this issue.
	WorkloadIdentityCredential: WorkloadIdentityCredential authentication unavailable. The workload options are not fully configured. See the troubleshooting guide for more information: https://aka.ms/azsdk/python/identity/workloadidentitycredential/troubleshoot. Missing required arguments: 'tenant_id', 'client_id', 'token_file_path'.
	ManagedIdentityCredential: ManagedIdentityCredential authentication unavailable, no response from the IMDS endpoint.
	SharedTokenCacheCredential: SharedTokenCacheCredential authentication unavailable. No accounts were found in the cache.
	VisualStudioCodeCredential: VisualStudioCodeCredential requires the 'azure-identity-broker' package to be installed. You must also ensure you have the Azure Resources extension installed and have signed in to Azure via Visual Studio Code.
	AzureCliCredential: Azure CLI not found on path
	AzurePowerShellCredential: Az.Account module >= 2.2.0 is not installed
	AzureDeveloperCliCredential: Azure Developer CLI could not be found. Please visit https://aka.ms/azure-dev for installation instructions and then,once installed, authenticate to your Azure account using 'azd auth login'.
	BrokerCredential: InteractiveBrowserBrokerCredential unavailable. The 'azure-identity-broker' package is required to use brokered authentication.
To mitigate this issue, please refer to the troubleshooting guidelines here at https://aka.ms/azsdk/python/identity/defaultazurecredential/troubleshoot.
2026-05-26 01:18:02,048 | INFO | omninexus.config | Secret loaded from .env: COPERNICUS_CLIENT_ID
2026-05-26 01:18:03,575 | WARNING | omninexus.config | Key Vault unavailable for COPERNICUS-CLIENT-SECRET. Falling back to .env. Reason: DefaultAzureCredential failed to retrieve a token from the included credentials.
Attempted credentials:
	EnvironmentCredential: EnvironmentCredential authentication unavailable. Environment variables are not fully configured.
Visit https://aka.ms/azsdk/python/identity/environmentcredential/troubleshoot to troubleshoot this issue.
	WorkloadIdentityCredential: WorkloadIdentityCredential authentication unavailable. The workload options are not fully configured. See the troubleshooting guide for more information: https://aka.ms/azsdk/python/identity/workloadidentitycredential/troubleshoot. Missing required arguments: 'tenant_id', 'client_id', 'token_file_path'.
	ManagedIdentityCredential: ManagedIdentityCredential authentication unavailable, no response from the IMDS endpoint.
	SharedTokenCacheCredential: SharedTokenCacheCredential authentication unavailable. No accounts were found in the cache.
	VisualStudioCodeCredential: VisualStudioCodeCredential requires the 'azure-identity-broker' package to be installed. You must also ensure you have the Azure Resources extension installed and have signed in to Azure via Visual Studio Code.
	AzureCliCredential: Azure CLI not found on path
	AzurePowerShellCredential: Az.Account module >= 2.2.0 is not installed
	AzureDeveloperCliCredential: Azure Developer CLI could not be found. Please visit https://aka.ms/azure-dev for installation instructions and then,once installed, authenticate to your Azure account using 'azd auth login'.
	BrokerCredential: InteractiveBrowserBrokerCredential unavailable. The 'azure-identity-broker' package is required to use brokered authentication.
To mitigate this issue, please refer to the troubleshooting guidelines here at https://aka.ms/azsdk/python/identity/defaultazurecredential/troubleshoot.
2026-05-26 01:18:03,576 | INFO | omninexus.config | Secret loaded from .env: COPERNICUS_CLIENT_SECRET
2026-05-26 01:18:05,073 | WARNING | omninexus.config | Key Vault unavailable for DERIV-API-TOKEN. Falling back to .env. Reason: DefaultAzureCredential failed to retrieve a token from the included credentials.
Attempted credentials:
	EnvironmentCredential: EnvironmentCredential authentication unavailable. Environment variables are not fully configured.
Visit https://aka.ms/azsdk/python/identity/environmentcredential/troubleshoot to troubleshoot this issue.
	WorkloadIdentityCredential: WorkloadIdentityCredential authentication unavailable. The workload options are not fully configured. See the troubleshooting guide for more information: https://aka.ms/azsdk/python/identity/workloadidentitycredential/troubleshoot. Missing required arguments: 'tenant_id', 'client_id', 'token_file_path'.
	ManagedIdentityCredential: ManagedIdentityCredential authentication unavailable, no response from the IMDS endpoint.
	SharedTokenCacheCredential: SharedTokenCacheCredential authentication unavailable. No accounts were found in the cache.
	VisualStudioCodeCredential: VisualStudioCodeCredential requires the 'azure-identity-broker' package to be installed. You must also ensure you have the Azure Resources extension installed and have signed in to Azure via Visual Studio Code.
	AzureCliCredential: Azure CLI not found on path
	AzurePowerShellCredential: Az.Account module >= 2.2.0 is not installed
	AzureDeveloperCliCredential: Azure Developer CLI could not be found. Please visit https://aka.ms/azure-dev for installation instructions and then,once installed, authenticate to your Azure account using 'azd auth login'.
	BrokerCredential: InteractiveBrowserBrokerCredential unavailable. The 'azure-identity-broker' package is required to use brokered authentication.
To mitigate this issue, please refer to the troubleshooting guidelines here at https://aka.ms/azsdk/python/identity/defaultazurecredential/troubleshoot.
2026-05-26 01:18:05,073 | INFO | omninexus.config | Secret loaded from .env: DERIV_API_TOKEN
2026-05-26 01:18:10,406 | WARNING | omninexus.config | Key Vault unavailable for COSMOS-ENDPOINT. Falling back to .env. Reason: DefaultAzureCredential failed to retrieve a token from the included credentials.
Attempted credentials:
	EnvironmentCredential: EnvironmentCredential authentication unavailable. Environment variables are not fully configured.
Visit https://aka.ms/azsdk/python/identity/environmentcredential/troubleshoot to troubleshoot this issue.
	WorkloadIdentityCredential: WorkloadIdentityCredential authentication unavailable. The workload options are not fully configured. See the troubleshooting guide for more information: https://aka.ms/azsdk/python/identity/workloadidentitycredential/troubleshoot. Missing required arguments: 'tenant_id', 'client_id', 'token_file_path'.
	ManagedIdentityCredential: ManagedIdentityCredential authentication unavailable, no response from the IMDS endpoint.
	SharedTokenCacheCredential: SharedTokenCacheCredential authentication unavailable. No accounts were found in the cache.
	VisualStudioCodeCredential: VisualStudioCodeCredential requires the 'azure-identity-broker' package to be installed. You must also ensure you have the Azure Resources extension installed and have signed in to Azure via Visual Studio Code.
	AzureCliCredential: Azure CLI not found on path
	AzurePowerShellCredential: Az.Account module >= 2.2.0 is not installed
	AzureDeveloperCliCredential: Azure Developer CLI could not be found. Please visit https://aka.ms/azure-dev for installation instructions and then,once installed, authenticate to your Azure account using 'azd auth login'.
	BrokerCredential: InteractiveBrowserBrokerCredential unavailable. The 'azure-identity-broker' package is required to use brokered authentication.
To mitigate this issue, please refer to the troubleshooting guidelines here at https://aka.ms/azsdk/python/identity/defaultazurecredential/troubleshoot.
2026-05-26 01:18:10,406 | INFO | omninexus.config | Secret loaded from .env: COSMOS_ENDPOINT
2026-05-26 01:18:12,083 | WARNING | omninexus.config | Key Vault unavailable for COSMOS-KEY. Falling back to .env. Reason: DefaultAzureCredential failed to retrieve a token from the included credentials.
Attempted credentials:
	EnvironmentCredential: EnvironmentCredential authentication unavailable. Environment variables are not fully configured.
Visit https://aka.ms/azsdk/python/identity/environmentcredential/troubleshoot to troubleshoot this issue.
	WorkloadIdentityCredential: WorkloadIdentityCredential authentication unavailable. The workload options are not fully configured. See the troubleshooting guide for more information: https://aka.ms/azsdk/python/identity/workloadidentitycredential/troubleshoot. Missing required arguments: 'tenant_id', 'client_id', 'token_file_path'.
	ManagedIdentityCredential: ManagedIdentityCredential authentication unavailable, no response from the IMDS endpoint.
	SharedTokenCacheCredential: SharedTokenCacheCredential authentication unavailable. No accounts were found in the cache.
	VisualStudioCodeCredential: VisualStudioCodeCredential requires the 'azure-identity-broker' package to be installed. You must also ensure you have the Azure Resources extension installed and have signed in to Azure via Visual Studio Code.
	AzureCliCredential: Azure CLI not found on path
	AzurePowerShellCredential: Az.Account module >= 2.2.0 is not installed
	AzureDeveloperCliCredential: Azure Developer CLI could not be found. Please visit https://aka.ms/azure-dev for installation instructions and then,once installed, authenticate to your Azure account using 'azd auth login'.
	BrokerCredential: InteractiveBrowserBrokerCredential unavailable. The 'azure-identity-broker' package is required to use brokered authentication.
To mitigate this issue, please refer to the troubleshooting guidelines here at https://aka.ms/azsdk/python/identity/defaultazurecredential/troubleshoot.
2026-05-26 01:18:12,083 | INFO | omninexus.config | Secret loaded from .env: COSMOS_KEY
2026-05-26 01:18:13,719 | WARNING | omninexus.config | Key Vault unavailable for COGNITIVE-SERVICES-ENDPOINT. Falling back to .env. Reason: DefaultAzureCredential failed to retrieve a token from the included credentials.
Attempted credentials:
	EnvironmentCredential: EnvironmentCredential authentication unavailable. Environment variables are not fully configured.
Visit https://aka.ms/azsdk/python/identity/environmentcredential/troubleshoot to troubleshoot this issue.
	WorkloadIdentityCredential: WorkloadIdentityCredential authentication unavailable. The workload options are not fully configured. See the troubleshooting guide for more information: https://aka.ms/azsdk/python/identity/workloadidentitycredential/troubleshoot. Missing required arguments: 'tenant_id', 'client_id', 'token_file_path'.
	ManagedIdentityCredential: ManagedIdentityCredential authentication unavailable, no response from the IMDS endpoint.
	SharedTokenCacheCredential: SharedTokenCacheCredential authentication unavailable. No accounts were found in the cache.
	VisualStudioCodeCredential: VisualStudioCodeCredential requires the 'azure-identity-broker' package to be installed. You must also ensure you have the Azure Resources extension installed and have signed in to Azure via Visual Studio Code.
	AzureCliCredential: Azure CLI not found on path
	AzurePowerShellCredential: Az.Account module >= 2.2.0 is not installed
	AzureDeveloperCliCredential: Azure Developer CLI could not be found. Please visit https://aka.ms/azure-dev for installation instructions and then,once installed, authenticate to your Azure account using 'azd auth login'.
	BrokerCredential: InteractiveBrowserBrokerCredential unavailable. The 'azure-identity-broker' package is required to use brokered authentication.
To mitigate this issue, please refer to the troubleshooting guidelines here at https://aka.ms/azsdk/python/identity/defaultazurecredential/troubleshoot.
2026-05-26 01:18:13,720 | INFO | omninexus.config | Secret loaded from .env: COGNITIVE_SERVICES_ENDPOINT
2026-05-26 01:18:15,142 | WARNING | omninexus.config | Key Vault unavailable for COGNITIVE-SERVICES-KEY. Falling back to .env. Reason: DefaultAzureCredential failed to retrieve a token from the included credentials.
Attempted credentials:
	EnvironmentCredential: EnvironmentCredential authentication unavailable. Environment variables are not fully configured.
Visit https://aka.ms/azsdk/python/identity/environmentcredential/troubleshoot to troubleshoot this issue.
	WorkloadIdentityCredential: WorkloadIdentityCredential authentication unavailable. The workload options are not fully configured. See the troubleshooting guide for more information: https://aka.ms/azsdk/python/identity/workloadidentitycredential/troubleshoot. Missing required arguments: 'tenant_id', 'client_id', 'token_file_path'.
	ManagedIdentityCredential: ManagedIdentityCredential authentication unavailable, no response from the IMDS endpoint.
	SharedTokenCacheCredential: SharedTokenCacheCredential authentication unavailable. No accounts were found in the cache.
	VisualStudioCodeCredential: VisualStudioCodeCredential requires the 'azure-identity-broker' package to be installed. You must also ensure you have the Azure Resources extension installed and have signed in to Azure via Visual Studio Code.
	AzureCliCredential: Azure CLI not found on path
	AzurePowerShellCredential: Az.Account module >= 2.2.0 is not installed
	AzureDeveloperCliCredential: Azure Developer CLI could not be found. Please visit https://aka.ms/azure-dev for installation instructions and then,once installed, authenticate to your Azure account using 'azd auth login'.
	BrokerCredential: InteractiveBrowserBrokerCredential unavailable. The 'azure-identity-broker' package is required to use brokered authentication.
To mitigate this issue, please refer to the troubleshooting guidelines here at https://aka.ms/azsdk/python/identity/defaultazurecredential/troubleshoot.
2026-05-26 01:18:15,143 | INFO | omninexus.config | Secret loaded from .env: COGNITIVE_SERVICES_KEY
2026-05-26 01:18:15,143 | INFO | omninexus.config | Configuration loaded successfully.
2026-05-26 01:18:15,143 | INFO | omninexus.config | Instruments: ['XAUUSD', 'GBPUSD', 'GBPJPY']
2026-05-26 01:18:15,163 | INFO | omninexus.config | Max daily loss: 2.0%
2026-05-26 01:18:15,164 | INFO | omninexus.config | Max drawdown: 5.0%
2026-05-26 01:18:15,750 | INFO | omninexus.ingestion.fred_yield | Calculating Real Yield for XAUUSD signal...
2026-05-26 01:18:18,397 | INFO | omninexus.ingestion.fred_yield | FRED GS10: fetched 5 observations
2026-05-26 01:18:19,945 | INFO | omninexus.ingestion.fred_yield | FRED DFII10: fetched 5 observations
2026-05-26 01:18:21,766 | INFO | omninexus.ingestion.fred_yield | FRED T10YIE: fetched 5 observations
2026-05-26 01:18:23,006 | INFO | omninexus.ingestion.fred_yield | FRED DFII10: fetched 5 observations
2026-05-26 01:18:23,008 | INFO | omninexus.ingestion.fred_yield | Real Yield: 2.180% | Gold Bias: STRONG BEARISH | Breakout: False
2026-05-26 01:18:29,369 | INFO | omninexus.ingestion.friction | Calculating Geopolitical Friction Index...
2026-05-26 01:18:30,364 | WARNING | omninexus.ingestion.friction | Feed parse issue: Reuters World News — <urlopen error [Errno 11001] getaddrinfo failed>
2026-05-26 01:18:35,651 | INFO | omninexus.ingestion.friction | BBC World News: 11 friction articles found
2026-05-26 01:18:36,503 | INFO | omninexus.ingestion.friction | Al Jazeera: 8 friction articles found
2026-05-26 01:18:36,715 | WARNING | omninexus.ingestion.friction | Feed parse issue: Reuters Business — <urlopen error [Errno 11001] getaddrinfo failed>
2026-05-26 01:18:39,281 | INFO | omninexus.ingestion.friction | Financial Times: 6 friction articles found
2026-05-26 01:18:40,946 | INFO | omninexus.ingestion.friction | Bloomberg Markets: 12 friction articles found
2026-05-26 01:18:40,946 | INFO | omninexus.ingestion.friction | Friction Score: 100/100 | Level: CRITICAL | Articles: 37 | Alert: True
2026-05-26 01:18:41,054 | INFO | omninexus.ingestion.darkpool | Scanning dark pools for institutional signals...
2026-05-26 01:18:46,535 | WARNING | omninexus.ingestion.darkpool | FINRA GLD: Symbol not found in response. Status: 404
2026-05-26 01:18:46,537 | WARNING | omninexus.ingestion.darkpool | GLD: Using simulated volume (FINRA API unavailable)
2026-05-26 01:18:47,489 | INFO | omninexus.ingestion.darkpool | GLD: Volume=14,122,154 | Mean=14,789,199 | Z-Score=-0.37
2026-05-26 01:18:47,491 | INFO | omninexus.ingestion.darkpool | Dark pool baseline saved
2026-05-26 01:18:52,035 | WARNING | omninexus.ingestion.darkpool | FINRA IAU: Symbol not found in response. Status: 404
2026-05-26 01:18:52,036 | WARNING | omninexus.ingestion.darkpool | IAU: Using simulated volume (FINRA API unavailable)
2026-05-26 01:18:52,046 | INFO | omninexus.ingestion.darkpool | IAU: Volume=8,388,845 | Mean=7,429,294 | Z-Score=1.04
2026-05-26 01:18:52,048 | INFO | omninexus.ingestion.darkpool | Dark pool baseline saved
2026-05-26 01:18:58,413 | WARNING | omninexus.ingestion.darkpool | FINRA FXB: Symbol not found in response. Status: 404
2026-05-26 01:18:58,414 | WARNING | omninexus.ingestion.darkpool | FXB: Using simulated volume (FINRA API unavailable)
2026-05-26 01:18:58,647 | INFO | omninexus.ingestion.darkpool | FXB: Volume=525,619 | Mean=501,899 | Z-Score=0.35
2026-05-26 01:18:58,649 | INFO | omninexus.ingestion.darkpool | Dark pool baseline saved
2026-05-26 01:19:04,378 | WARNING | omninexus.ingestion.darkpool | FINRA GDX: Symbol not found in response. Status: 404
2026-05-26 01:19:04,379 | WARNING | omninexus.ingestion.darkpool | GDX: Using simulated volume (FINRA API unavailable)
2026-05-26 01:19:04,390 | INFO | omninexus.ingestion.darkpool | GDX: Volume=10,863,008 | Mean=12,115,002 | Z-Score=-0.95
2026-05-26 01:19:04,392 | INFO | omninexus.ingestion.darkpool | Dark pool baseline saved
2026-05-26 01:19:04,393 | INFO | omninexus.ingestion.darkpool | Dark pool scan complete. Anomalies: 0 | Gold Signal: False | GBP Signal: False
2026-05-26 01:19:04,462 | INFO | omninexus.signals.gold | Running Gold Signal Aggregation...
2026-05-26 01:19:04,463 | INFO | omninexus.ingestion.fred_yield | Calculating Real Yield for XAUUSD signal...
2026-05-26 01:19:07,211 | INFO | omninexus.ingestion.fred_yield | FRED GS10: fetched 5 observations
2026-05-26 01:19:08,312 | INFO | omninexus.ingestion.fred_yield | FRED DFII10: fetched 5 observations
2026-05-26 01:19:09,644 | INFO | omninexus.ingestion.fred_yield | FRED T10YIE: fetched 5 observations
2026-05-26 01:19:10,951 | INFO | omninexus.ingestion.fred_yield | FRED DFII10: fetched 5 observations
2026-05-26 01:19:10,954 | INFO | omninexus.ingestion.fred_yield | Real Yield: 2.180% | Gold Bias: STRONG BEARISH | Breakout: False
2026-05-26 01:19:10,954 | INFO | omninexus.signals.gold | Real Yield: 2.180% — STRONG BEARISH
2026-05-26 01:19:10,954 | INFO | omninexus.ingestion.friction | Calculating Geopolitical Friction Index...
2026-05-26 01:19:11,171 | WARNING | omninexus.ingestion.friction | Feed parse issue: Reuters World News — <urlopen error [Errno 11001] getaddrinfo failed>
2026-05-26 01:19:12,072 | INFO | omninexus.ingestion.friction | BBC World News: 11 friction articles found
2026-05-26 01:19:12,512 | INFO | omninexus.ingestion.friction | Al Jazeera: 8 friction articles found
2026-05-26 01:19:12,545 | WARNING | omninexus.ingestion.friction | Feed parse issue: Reuters Business — <urlopen error [Errno 11001] getaddrinfo failed>
2026-05-26 01:19:14,948 | INFO | omninexus.ingestion.friction | Financial Times: 6 friction articles found
2026-05-26 01:19:16,263 | INFO | omninexus.ingestion.friction | Bloomberg Markets: 12 friction articles found
2026-05-26 01:19:16,263 | INFO | omninexus.ingestion.friction | Friction Score: 100/100 | Level: CRITICAL | Articles: 37 | Alert: True
2026-05-26 01:19:16,263 | INFO | omninexus.signals.gold | Friction Score: 100/100 — CRITICAL
2026-05-26 01:19:16,263 | INFO | omninexus.ingestion.darkpool | Scanning dark pools for institutional signals...
2026-05-26 01:19:20,853 | WARNING | omninexus.ingestion.darkpool | FINRA GLD: Symbol not found in response. Status: 404
2026-05-26 01:19:20,854 | WARNING | omninexus.ingestion.darkpool | GLD: Using simulated volume (FINRA API unavailable)
2026-05-26 01:19:20,893 | INFO | omninexus.ingestion.darkpool | GLD: Volume=14,818,611 | Mean=14,752,141 | Z-Score=0.04
2026-05-26 01:19:20,894 | INFO | omninexus.ingestion.darkpool | Dark pool baseline saved
2026-05-26 01:19:26,352 | WARNING | omninexus.ingestion.darkpool | FINRA IAU: Symbol not found in response. Status: 404
2026-05-26 01:19:26,354 | WARNING | omninexus.ingestion.darkpool | IAU: Using simulated volume (FINRA API unavailable)
2026-05-26 01:19:26,413 | INFO | omninexus.ingestion.darkpool | IAU: Volume=7,449,586 | Mean=7,482,602 | Z-Score=-0.04
2026-05-26 01:19:26,415 | INFO | omninexus.ingestion.darkpool | Dark pool baseline saved
2026-05-26 01:19:30,532 | WARNING | omninexus.ingestion.darkpool | FINRA FXB: Symbol not found in response. Status: 404
2026-05-26 01:19:30,534 | WARNING | omninexus.ingestion.darkpool | FXB: Using simulated volume (FINRA API unavailable)
2026-05-26 01:19:30,565 | INFO | omninexus.ingestion.darkpool | FXB: Volume=547,953 | Mean=503,216 | Z-Score=0.68
2026-05-26 01:19:30,569 | INFO | omninexus.ingestion.darkpool | Dark pool baseline saved
2026-05-26 01:19:35,163 | WARNING | omninexus.ingestion.darkpool | FINRA GDX: Symbol not found in response. Status: 404
2026-05-26 01:19:35,165 | WARNING | omninexus.ingestion.darkpool | GDX: Using simulated volume (FINRA API unavailable)
2026-05-26 01:19:35,220 | INFO | omninexus.ingestion.darkpool | GDX: Volume=11,818,705 | Mean=12,045,447 | Z-Score=-0.17
2026-05-26 01:19:35,223 | INFO | omninexus.ingestion.darkpool | Dark pool baseline saved
2026-05-26 01:19:35,223 | INFO | omninexus.ingestion.darkpool | Dark pool scan complete. Anomalies: 0 | Gold Signal: False | GBP Signal: False
2026-05-26 01:19:35,223 | INFO | omninexus.signals.gold | Dark Pool: 0 anomalies | Gold signal: False
2026-05-26 01:19:35,224 | INFO | omninexus.signals.gold | Gold Aggregation complete: Bias=48.1/100 (NEUTRAL) | Confluence=33.3% | Time=30.8s
2026-05-26 01:19:35,256 | INFO | omninexus.signals.gbp | Running GBP Signal Aggregation...
2026-05-26 01:19:35,257 | INFO | omninexus.signals.gbp | Fetching BoE/BoJ yield spread...
2026-05-26 01:19:38,282 | INFO | omninexus.signals.gbp | BoE: 4.821% | BoJ: 2.515% | Spread: 2.306% | Bias: BULLISH
2026-05-26 01:19:38,283 | INFO | omninexus.signals.gbp | Session: OFF-HOURS | Volatility: LOW | Stop-Hunt Risk: LOW
2026-05-26 01:19:38,283 | INFO | omninexus.ingestion.darkpool | Scanning dark pools for institutional signals...
2026-05-26 01:19:39,863 | WARNING | omninexus.ingestion.darkpool | FINRA GLD: Symbol not found in response. Status: 404
2026-05-26 01:19:39,864 | WARNING | omninexus.ingestion.darkpool | GLD: Using simulated volume (FINRA API unavailable)
2026-05-26 01:19:39,893 | INFO | omninexus.ingestion.darkpool | GLD: Volume=15,491,355 | Mean=14,755,639 | Z-Score=0.43
2026-05-26 01:19:39,894 | INFO | omninexus.ingestion.darkpool | Dark pool baseline saved
2026-05-26 01:19:45,713 | WARNING | omninexus.ingestion.darkpool | FINRA IAU: Symbol not found in response. Status: 404
2026-05-26 01:19:45,715 | WARNING | omninexus.ingestion.darkpool | IAU: Using simulated volume (FINRA API unavailable)
2026-05-26 01:19:45,753 | INFO | omninexus.ingestion.darkpool | IAU: Volume=8,630,687 | Mean=7,480,864 | Z-Score=1.28
2026-05-26 01:19:45,784 | INFO | omninexus.ingestion.darkpool | Dark pool baseline saved
2026-05-26 01:19:50,565 | WARNING | omninexus.ingestion.darkpool | FINRA FXB: Symbol not found in response. Status: 404
2026-05-26 01:19:50,566 | WARNING | omninexus.ingestion.darkpool | FXB: Using simulated volume (FINRA API unavailable)
2026-05-26 01:19:50,650 | INFO | omninexus.ingestion.darkpool | FXB: Volume=405,425 | Mean=505,571 | Z-Score=-1.56
2026-05-26 01:19:50,651 | INFO | omninexus.ingestion.darkpool | Dark pool baseline saved
2026-05-26 01:19:52,093 | WARNING | omninexus.ingestion.darkpool | FINRA GDX: Symbol not found in response. Status: 404
2026-05-26 01:19:52,101 | WARNING | omninexus.ingestion.darkpool | GDX: Using simulated volume (FINRA API unavailable)
2026-05-26 01:19:52,154 | INFO | omninexus.ingestion.darkpool | GDX: Volume=13,855,413 | Mean=12,033,513 | Z-Score=1.43
2026-05-26 01:19:52,156 | INFO | omninexus.ingestion.darkpool | Dark pool baseline saved
2026-05-26 01:19:52,157 | INFO | omninexus.ingestion.darkpool | Dark pool scan complete. Anomalies: 0 | Gold Signal: False | GBP Signal: False
2026-05-26 01:19:52,158 | INFO | omninexus.signals.gbp | GBP Aggregation complete: Bias=48.2/100 (NEUTRAL) | Session=OFF-HOURS | Time=16.9s
2026-05-26 01:20:25,661 | INFO | omninexus.brain.autoencoder | Autoencoder weights loaded: logs/autoencoder/weights.json
2026-05-26 01:20:25,826 | INFO | omninexus.brain.autoencoder | Loaded existing autoencoder weights
2026-05-26 01:20:25,879 | INFO | omninexus.brain.autoencoder | Regime stable: error=0.007010 | STABLE
2026-05-26 01:20:25,901 | INFO | omninexus.brain.cfr_agent | CFR Agent initialized: mode=slow | threshold=0.700 | kelly_mult=1.0
2026-05-26 01:20:25,902 | INFO | omninexus.brain.cfr_agent | CFR [SLOW]: score=0.833 | allowed=True | direction=LONG | kelly_adj=0.833
2026-05-26 01:20:25,914 | INFO | omninexus.brain.cfr_agent | CFR Agent initialized: mode=slow | threshold=0.700 | kelly_mult=1.0
2026-05-26 01:20:25,915 | INFO | omninexus.brain.cfr_agent | CFR Agent initialized: mode=fast | threshold=0.595 | kelly_mult=0.6
2026-05-26 01:20:25,915 | INFO | omninexus.brain.meta_agent | Meta-Agent initialized. Current brain: slow
2026-05-26 01:20:25,916 | INFO | omninexus.brain.meta_agent | Meta-Agent: brain=slow | triggers=[] | switched=False
2026-05-26 01:20:26,550 | INFO | omninexus.brain.regime_transfer | Fingerprint library: 5 regimes
2026-05-26 01:20:26,550 | INFO | omninexus.brain.regime_transfer | Regime match: Normal Trending Market (sim=0.7257) | Policy: LONG XAUUSD
2026-05-26 01:20:26,939 | INFO | omninexus.memory.fingerprint | Loaded 2 fingerprints from memory
2026-05-26 01:20:27,309 | INFO | omninexus.memory.half_life | Half-life data loaded: 6 signals tracked
2026-05-26 01:20:27,992 | INFO | omninexus.execution.kelly_cfr | Sizing position for XAUUSD | Balance: $1,000.00 | Bias: 75.0/100
2026-05-26 01:20:27,993 | INFO | omninexus.execution.kelly_cfr | CFR Regret Score: 0.713 | Allowed: True | Boost: 0.312 | Penalty: 0.000
2026-05-26 01:20:27,993 | INFO | omninexus.execution.kelly_cfr | Position sized: 3.00% = $30.00 = 0.01 lots | Win prob: 64.0% | Kelly: 0.2300 | CFR: 0.713
2026-05-26 01:20:27,994 | INFO | omninexus.execution.entry | XAUUSD BUY LIMIT: Entry=2386.46250 | SL=2385.71250 (75p) | TP=2387.96250 (150p) | RR=1:2.0
2026-05-26 01:20:28,170 | INFO | omninexus.functions.azure_function | Azure Function triggered: status | Run #1
2026-05-26 01:20:28,271 | INFO | omninexus.functions.deployment | Running OmniNexus deployment check...
2026-05-26 01:20:38,391 | INFO | omninexus.graph.cosmos | Gremlin client connected successfully
2026-05-26 01:20:41,397 | INFO | omninexus.functions.deployment | Deployment check: 5/5 healthy | Deployed: True
2026-05-26 01:20:41,663 | INFO | omninexus.functions.ci_cd | CI/CD stage: lint
2026-05-26 01:20:41,663 | INFO | omninexus.functions.ci_cd | Running lint checks...
2026-05-26 01:20:41,686 | INFO | omninexus.functions.ci_cd | Lint check passed: all files present
2026-05-26 01:20:41,688 | INFO | omninexus.functions.ci_cd | Stage lint: PASSED | 0.02s
2026-05-26 01:20:41,689 | INFO | omninexus.signals.gold | Running Gold Signal Aggregation...
2026-05-26 01:20:41,689 | INFO | omninexus.ingestion.fred_yield | Calculating Real Yield for XAUUSD signal...
2026-05-26 01:20:43,792 | INFO | omninexus.ingestion.fred_yield | FRED GS10: fetched 5 observations
2026-05-26 01:20:44,892 | INFO | omninexus.ingestion.fred_yield | FRED DFII10: fetched 5 observations
2026-05-26 01:20:46,261 | INFO | omninexus.ingestion.fred_yield | FRED T10YIE: fetched 5 observations
2026-05-26 01:20:47,539 | INFO | omninexus.ingestion.fred_yield | FRED DFII10: fetched 5 observations
2026-05-26 01:20:47,542 | INFO | omninexus.ingestion.fred_yield | Real Yield: 2.180% | Gold Bias: STRONG BEARISH | Breakout: False
2026-05-26 01:20:47,542 | INFO | omninexus.signals.gold | Real Yield: 2.180% — STRONG BEARISH
2026-05-26 01:20:47,542 | INFO | omninexus.ingestion.friction | Calculating Geopolitical Friction Index...
2026-05-26 01:20:47,971 | WARNING | omninexus.ingestion.friction | Feed parse issue: Reuters World News — <urlopen error [Errno 11001] getaddrinfo failed>
2026-05-26 01:20:49,409 | INFO | omninexus.ingestion.friction | BBC World News: 11 friction articles found
2026-05-26 01:20:50,206 | INFO | omninexus.ingestion.friction | Al Jazeera: 8 friction articles found
2026-05-26 01:20:50,248 | WARNING | omninexus.ingestion.friction | Feed parse issue: Reuters Business — <urlopen error [Errno 11001] getaddrinfo failed>
2026-05-26 01:20:52,601 | INFO | omninexus.ingestion.friction | Financial Times: 6 friction articles found
2026-05-26 01:20:58,601 | INFO | omninexus.ingestion.friction | Bloomberg Markets: 12 friction articles found
2026-05-26 01:20:58,601 | INFO | omninexus.ingestion.friction | Friction Score: 100/100 | Level: CRITICAL | Articles: 37 | Alert: True
2026-05-26 01:20:58,602 | INFO | omninexus.signals.gold | Friction Score: 100/100 — CRITICAL
2026-05-26 01:20:58,603 | INFO | omninexus.ingestion.darkpool | Scanning dark pools for institutional signals...
2026-05-26 01:21:04,032 | WARNING | omninexus.ingestion.darkpool | FINRA GLD: Symbol not found in response. Status: 404
2026-05-26 01:21:04,034 | WARNING | omninexus.ingestion.darkpool | GLD: Using simulated volume (FINRA API unavailable)
2026-05-26 01:21:04,078 | INFO | omninexus.ingestion.darkpool | GLD: Volume=14,994,727 | Mean=14,792,425 | Z-Score=0.12
2026-05-26 01:21:04,080 | INFO | omninexus.ingestion.darkpool | Dark pool baseline saved
2026-05-26 01:21:05,587 | WARNING | omninexus.ingestion.darkpool | FINRA IAU: Symbol not found in response. Status: 404
2026-05-26 01:21:05,590 | WARNING | omninexus.ingestion.darkpool | IAU: Using simulated volume (FINRA API unavailable)
2026-05-26 01:21:05,828 | INFO | omninexus.ingestion.darkpool | IAU: Volume=7,602,541 | Mean=7,538,356 | Z-Score=0.07
2026-05-26 01:21:05,830 | INFO | omninexus.ingestion.darkpool | Dark pool baseline saved
2026-05-26 01:21:11,107 | WARNING | omninexus.ingestion.darkpool | FINRA FXB: Symbol not found in response. Status: 404
2026-05-26 01:21:11,109 | WARNING | omninexus.ingestion.darkpool | FXB: Using simulated volume (FINRA API unavailable)
2026-05-26 01:21:11,154 | INFO | omninexus.ingestion.darkpool | FXB: Volume=540,382 | Mean=500,564 | Z-Score=0.60
2026-05-26 01:21:11,155 | INFO | omninexus.ingestion.darkpool | Dark pool baseline saved
2026-05-26 01:21:16,660 | WARNING | omninexus.ingestion.darkpool | FINRA GDX: Symbol not found in response. Status: 404
2026-05-26 01:21:16,661 | WARNING | omninexus.ingestion.darkpool | GDX: Using simulated volume (FINRA API unavailable)
2026-05-26 01:21:16,741 | INFO | omninexus.ingestion.darkpool | GDX: Volume=10,504,420 | Mean=12,124,608 | Z-Score=-1.24
2026-05-26 01:21:16,743 | INFO | omninexus.ingestion.darkpool | Dark pool baseline saved
2026-05-26 01:21:16,743 | INFO | omninexus.ingestion.darkpool | Dark pool scan complete. Anomalies: 0 | Gold Signal: False | GBP Signal: False
2026-05-26 01:21:16,744 | INFO | omninexus.signals.gold | Dark Pool: 0 anomalies | Gold signal: False
2026-05-26 01:21:16,744 | INFO | omninexus.signals.gold | Gold Aggregation complete: Bias=48.1/100 (NEUTRAL) | Confluence=33.3% | Time=35.1s
2026-05-26 01:21:16,745 | INFO | omninexus.signals.gbp | Running GBP Signal Aggregation...
2026-05-26 01:21:16,745 | INFO | omninexus.signals.gbp | Fetching BoE/BoJ yield spread...
2026-05-26 01:21:20,190 | INFO | omninexus.signals.gbp | BoE: 4.821% | BoJ: 2.515% | Spread: 2.306% | Bias: BULLISH
2026-05-26 01:21:20,191 | INFO | omninexus.signals.gbp | Session: OFF-HOURS | Volatility: LOW | Stop-Hunt Risk: LOW
2026-05-26 01:21:20,191 | INFO | omninexus.ingestion.darkpool | Scanning dark pools for institutional signals...
2026-05-26 01:21:25,002 | WARNING | omninexus.ingestion.darkpool | FINRA GLD: Symbol not found in response. Status: 404
2026-05-26 01:21:25,003 | WARNING | omninexus.ingestion.darkpool | GLD: Using simulated volume (FINRA API unavailable)
2026-05-26 01:21:25,042 | INFO | omninexus.ingestion.darkpool | GLD: Volume=15,826,366 | Mean=14,802,059 | Z-Score=0.62
2026-05-26 01:21:25,044 | INFO | omninexus.ingestion.darkpool | Dark pool baseline saved
2026-05-26 01:21:27,361 | WARNING | omninexus.ingestion.darkpool | FINRA IAU: Symbol not found in response. Status: 404
2026-05-26 01:21:27,363 | WARNING | omninexus.ingestion.darkpool | IAU: Using simulated volume (FINRA API unavailable)
2026-05-26 01:21:27,375 | INFO | omninexus.ingestion.darkpool | IAU: Volume=8,852,008 | Mean=7,541,412 | Z-Score=1.48
2026-05-26 01:21:27,378 | INFO | omninexus.ingestion.darkpool | Dark pool baseline saved
2026-05-26 01:21:32,632 | WARNING | omninexus.ingestion.darkpool | FINRA FXB: Symbol not found in response. Status: 404
2026-05-26 01:21:32,633 | WARNING | omninexus.ingestion.darkpool | FXB: Using simulated volume (FINRA API unavailable)
2026-05-26 01:21:32,642 | INFO | omninexus.ingestion.darkpool | FXB: Volume=542,215 | Mean=502,460 | Z-Score=0.61
2026-05-26 01:21:32,644 | INFO | omninexus.ingestion.darkpool | Dark pool baseline saved
2026-05-26 01:21:33,953 | WARNING | omninexus.ingestion.darkpool | FINRA GDX: Symbol not found in response. Status: 404
2026-05-26 01:21:33,954 | WARNING | omninexus.ingestion.darkpool | GDX: Using simulated volume (FINRA API unavailable)
2026-05-26 01:21:34,151 | INFO | omninexus.ingestion.darkpool | GDX: Volume=14,254,574 | Mean=12,047,456 | Z-Score=1.67
2026-05-26 01:21:34,153 | INFO | omninexus.ingestion.darkpool | Dark pool baseline saved
2026-05-26 01:21:34,154 | INFO | omninexus.ingestion.darkpool | Dark pool scan complete. Anomalies: 0 | Gold Signal: False | GBP Signal: False
2026-05-26 01:21:34,154 | INFO | omninexus.signals.gbp | GBP Aggregation complete: Bias=48.2/100 (NEUTRAL) | Session=OFF-HOURS | Time=17.4s
2026-05-26 01:21:34,155 | INFO | omninexus.brain.autoencoder | Autoencoder weights loaded: logs/autoencoder/weights.json
2026-05-26 01:21:34,156 | INFO | omninexus.brain.autoencoder | Loaded existing autoencoder weights
2026-05-26 01:21:34,157 | INFO | omninexus.brain.autoencoder | Regime stable: error=0.075221 | STABLE
2026-05-26 01:21:34,157 | INFO | omninexus.brain.cfr_agent | CFR Agent initialized: mode=slow | threshold=0.700 | kelly_mult=1.0
2026-05-26 01:21:34,157 | INFO | omninexus.brain.cfr_agent | CFR Agent initialized: mode=fast | threshold=0.595 | kelly_mult=0.6
2026-05-26 01:21:34,158 | INFO | omninexus.brain.meta_agent | Meta-Agent initialized. Current brain: slow
2026-05-26 01:21:35,400 | INFO | omninexus.brain.meta_agent | Meta-Agent: brain=fast | triggers=['FRICTION'] | switched=True
2026-05-26 01:21:35,400 | INFO | omninexus.brain.cfr_agent | CFR [FAST]: score=0.000 | allowed=False | direction=NEUTRAL | kelly_adj=0.000
2026-05-26 01:21:35,401 | INFO | omninexus.brain.regime_transfer | Fingerprint library: 5 regimes
2026-05-26 01:21:35,401 | INFO | omninexus.brain.regime_transfer | Regime match: Fed Emergency Hike 75bps (sim=0.7180) | Policy: SHORT XAUUSD
2026-05-26 01:21:35,403 | INFO | omninexus.execution.kelly_cfr | Sizing position for XAUUSD | Balance: $1,000.00 | Bias: 48.1/100
2026-05-26 01:21:35,403 | INFO | omninexus.execution.kelly_cfr | CFR Regret Score: 0.345 | Allowed: False | Boost: 0.095 | Penalty: 0.150
2026-05-26 01:21:35,403 | WARNING | omninexus.execution.kelly_cfr | CFR BLOCKED: Regret score 0.345 below threshold 0.7
2026-05-26 01:21:35,404 | INFO | omninexus.execution.entry | XAUUSD SELL LIMIT: Entry=2388.44145 | SL=2389.19145 (75p) | TP=2386.94145 (150p) | RR=1:2.0
2026-05-26 01:21:35,405 | INFO | omninexus.memory.fingerprint | Loaded 2 fingerprints from memory
2026-05-26 01:21:35,415 | INFO | omninexus.memory.half_life | Half-life data loaded: 6 signals tracked
2026-05-26 01:21:35,504 | INFO | omninexus.functions.deployment | Running OmniNexus deployment check...
2026-05-26 01:21:38,142 | INFO | omninexus.graph.cosmos | Gremlin client connected successfully
2026-05-26 01:21:39,892 | INFO | omninexus.functions.deployment | Deployment check: 5/5 healthy | Deployed: True
2026-05-26 20:36:36,741 | INFO | omninexus.config | Loading OmniNexus configuration...
2026-05-26 20:36:36,840 | WARNING | omninexus.config | Key Vault unavailable for TELEGRAM-BOT-TOKEN. Falling back to .env. Reason: No module named 'azure'
2026-05-26 20:36:36,840 | INFO | omninexus.config | Secret loaded from .env: TELEGRAM_BOT_TOKEN
2026-05-26 20:36:36,841 | WARNING | omninexus.config | Key Vault unavailable for TELEGRAM-CHAT-ID. Falling back to .env. Reason: No module named 'azure'
2026-05-26 20:36:36,841 | INFO | omninexus.config | Secret loaded from .env: TELEGRAM_CHAT_ID
2026-05-26 20:36:36,842 | WARNING | omninexus.config | Key Vault unavailable for FRED-API-KEY. Falling back to .env. Reason: No module named 'azure'
2026-05-26 20:36:36,843 | INFO | omninexus.config | Secret loaded from .env: FRED_API_KEY
2026-05-26 20:36:36,843 | WARNING | omninexus.config | Key Vault unavailable for GITHUB-API-TOKEN. Falling back to .env. Reason: No module named 'azure'
2026-05-26 20:36:36,844 | INFO | omninexus.config | Secret loaded from .env: GITHUB_API_TOKEN
2026-05-26 20:36:36,845 | WARNING | omninexus.config | Key Vault unavailable for NASA-EARTHDATA-TOKEN. Falling back to .env. Reason: No module named 'azure'
2026-05-26 20:36:36,845 | INFO | omninexus.config | Secret loaded from .env: NASA_EARTHDATA_TOKEN
2026-05-26 20:36:36,846 | WARNING | omninexus.config | Key Vault unavailable for COPERNICUS-CLIENT-ID. Falling back to .env. Reason: No module named 'azure'
2026-05-26 20:36:36,847 | INFO | omninexus.config | Secret loaded from .env: COPERNICUS_CLIENT_ID
2026-05-26 20:36:36,848 | WARNING | omninexus.config | Key Vault unavailable for COPERNICUS-CLIENT-SECRET. Falling back to .env. Reason: No module named 'azure'
2026-05-26 20:36:36,849 | INFO | omninexus.config | Secret loaded from .env: COPERNICUS_CLIENT_SECRET
2026-05-26 20:36:36,850 | WARNING | omninexus.config | Key Vault unavailable for DERIV-API-TOKEN. Falling back to .env. Reason: No module named 'azure'
2026-05-26 20:36:36,851 | INFO | omninexus.config | Secret loaded from .env: DERIV_API_TOKEN
2026-05-26 20:36:36,852 | WARNING | omninexus.config | Key Vault unavailable for COSMOS-ENDPOINT. Falling back to .env. Reason: No module named 'azure'
2026-05-26 20:36:36,853 | INFO | omninexus.config | Secret loaded from .env: COSMOS_ENDPOINT
2026-05-26 20:36:36,854 | WARNING | omninexus.config | Key Vault unavailable for COSMOS-KEY. Falling back to .env. Reason: No module named 'azure'
2026-05-26 20:36:36,854 | INFO | omninexus.config | Secret loaded from .env: COSMOS_KEY
2026-05-26 20:36:36,856 | WARNING | omninexus.config | Key Vault unavailable for COGNITIVE-SERVICES-ENDPOINT. Falling back to .env. Reason: No module named 'azure'
2026-05-26 20:36:36,857 | INFO | omninexus.config | Secret loaded from .env: COGNITIVE_SERVICES_ENDPOINT
2026-05-26 20:36:36,858 | WARNING | omninexus.config | Key Vault unavailable for COGNITIVE-SERVICES-KEY. Falling back to .env. Reason: No module named 'azure'
2026-05-26 20:36:36,859 | INFO | omninexus.config | Secret loaded from .env: COGNITIVE_SERVICES_KEY
2026-05-26 20:36:36,860 | INFO | omninexus.config | Configuration loaded successfully.
2026-05-26 20:36:36,860 | INFO | omninexus.config | Instruments: ['XAUUSD', 'GBPUSD', 'GBPJPY']
2026-05-26 20:36:36,860 | INFO | omninexus.config | Max daily loss: 2.0%
2026-05-26 20:36:36,861 | INFO | omninexus.config | Max drawdown: 5.0%
2026-05-26 20:36:49,905 | INFO | omninexus.ingestion.fred_yield | Calculating Real Yield for XAUUSD signal...
2026-05-26 20:36:53,915 | INFO | omninexus.ingestion.fred_yield | FRED GS10: fetched 5 observations
2026-05-26 20:36:55,829 | INFO | omninexus.ingestion.fred_yield | FRED DFII10: fetched 5 observations
2026-05-26 20:36:57,913 | INFO | omninexus.ingestion.fred_yield | FRED T10YIE: fetched 5 observations
2026-05-26 20:36:59,026 | INFO | omninexus.ingestion.fred_yield | FRED DFII10: fetched 5 observations
2026-05-26 20:36:59,028 | INFO | omninexus.ingestion.fred_yield | Real Yield: 2.180% | Gold Bias: STRONG BEARISH | Breakout: False
2026-05-26 20:37:01,891 | INFO | omninexus.ingestion.friction | Calculating Geopolitical Friction Index...
2026-05-26 20:37:02,093 | WARNING | omninexus.ingestion.friction | Feed parse issue: Reuters World News — <urlopen error [Errno 11001] getaddrinfo failed>
2026-05-26 20:37:03,034 | INFO | omninexus.ingestion.friction | BBC World News: 10 friction articles found
2026-05-26 20:37:24,531 | WARNING | omninexus.ingestion.friction | Feed parse issue: Al Jazeera — <urlopen error [WinError 10060] A connection attempt failed because the connected party did not properly respond after a period of time, or established connection failed because connected host has failed to respond>
2026-05-26 20:37:24,578 | WARNING | omninexus.ingestion.friction | Feed parse issue: Reuters Business — <urlopen error [Errno 11001] getaddrinfo failed>
2026-05-26 20:37:27,492 | INFO | omninexus.ingestion.friction | Financial Times: 6 friction articles found
2026-05-26 20:37:28,712 | INFO | omninexus.ingestion.friction | Bloomberg Markets: 9 friction articles found
2026-05-26 20:37:28,713 | INFO | omninexus.ingestion.friction | Friction Score: 100/100 | Level: CRITICAL | Articles: 25 | Alert: True
2026-05-26 20:37:28,857 | INFO | omninexus.ingestion.darkpool | Scanning dark pools for institutional signals...
2026-05-26 20:37:34,854 | WARNING | omninexus.ingestion.darkpool | FINRA GLD: Symbol not found in response. Status: 404
2026-05-26 20:37:34,856 | WARNING | omninexus.ingestion.darkpool | GLD: Using simulated volume (FINRA API unavailable)
2026-05-26 20:37:35,977 | INFO | omninexus.ingestion.darkpool | GLD: Volume=12,052,343 | Mean=14,848,618 | Z-Score=-1.73
2026-05-26 20:37:35,980 | INFO | omninexus.ingestion.darkpool | Dark pool baseline saved
2026-05-26 20:37:41,243 | WARNING | omninexus.ingestion.darkpool | FINRA IAU: Symbol not found in response. Status: 404
2026-05-26 20:37:41,244 | WARNING | omninexus.ingestion.darkpool | IAU: Using simulated volume (FINRA API unavailable)
2026-05-26 20:37:41,254 | INFO | omninexus.ingestion.darkpool | IAU: Volume=8,045,876 | Mean=7,600,984 | Z-Score=0.49
2026-05-26 20:37:41,256 | INFO | omninexus.ingestion.darkpool | Dark pool baseline saved
2026-05-26 20:37:57,737 | WARNING | omninexus.ingestion.darkpool | FINRA FXB: Symbol not found in response. Status: 404
2026-05-26 20:37:57,742 | WARNING | omninexus.ingestion.darkpool | FXB: Using simulated volume (FINRA API unavailable)
2026-05-26 20:37:57,756 | INFO | omninexus.ingestion.darkpool | FXB: Volume=498,242 | Mean=504,267 | Z-Score=-0.09
2026-05-26 20:37:57,765 | INFO | omninexus.ingestion.darkpool | Dark pool baseline saved
2026-05-26 20:38:03,444 | WARNING | omninexus.ingestion.darkpool | FINRA GDX: Symbol not found in response. Status: 404
2026-05-26 20:38:03,457 | WARNING | omninexus.ingestion.darkpool | GDX: Using simulated volume (FINRA API unavailable)
2026-05-26 20:38:03,478 | INFO | omninexus.ingestion.darkpool | GDX: Volume=13,863,956 | Mean=12,147,780 | Z-Score=1.25
2026-05-26 20:38:03,489 | INFO | omninexus.ingestion.darkpool | Dark pool baseline saved
2026-05-26 20:38:03,516 | INFO | omninexus.ingestion.darkpool | Dark pool scan complete. Anomalies: 0 | Gold Signal: False | GBP Signal: False
2026-05-26 20:38:03,586 | INFO | omninexus.signals.gold | Running Gold Signal Aggregation...
2026-05-26 20:38:03,592 | INFO | omninexus.ingestion.fred_yield | Calculating Real Yield for XAUUSD signal...
2026-05-26 20:38:06,277 | INFO | omninexus.ingestion.fred_yield | FRED GS10: fetched 5 observations
2026-05-26 20:38:08,375 | INFO | omninexus.ingestion.fred_yield | FRED DFII10: fetched 5 observations
2026-05-26 20:38:10,106 | INFO | omninexus.ingestion.fred_yield | FRED T10YIE: fetched 5 observations
2026-05-26 20:38:11,573 | INFO | omninexus.ingestion.fred_yield | FRED DFII10: fetched 5 observations
2026-05-26 20:38:11,575 | INFO | omninexus.ingestion.fred_yield | Real Yield: 2.180% | Gold Bias: STRONG BEARISH | Breakout: False
2026-05-26 20:38:11,576 | INFO | omninexus.signals.gold | Real Yield: 2.180% — STRONG BEARISH
2026-05-26 20:38:11,576 | INFO | omninexus.ingestion.friction | Calculating Geopolitical Friction Index...
2026-05-26 20:38:11,706 | WARNING | omninexus.ingestion.friction | Feed parse issue: Reuters World News — <urlopen error [Errno 11001] getaddrinfo failed>
2026-05-26 20:38:12,612 | INFO | omninexus.ingestion.friction | BBC World News: 10 friction articles found
2026-05-26 20:38:13,133 | INFO | omninexus.ingestion.friction | Al Jazeera: 11 friction articles found
2026-05-26 20:38:13,202 | WARNING | omninexus.ingestion.friction | Feed parse issue: Reuters Business — <urlopen error [Errno 11001] getaddrinfo failed>
2026-05-26 20:38:15,985 | INFO | omninexus.ingestion.friction | Financial Times: 6 friction articles found
2026-05-26 20:38:16,986 | INFO | omninexus.ingestion.friction | Bloomberg Markets: 9 friction articles found
2026-05-26 20:38:16,987 | INFO | omninexus.ingestion.friction | Friction Score: 100/100 | Level: CRITICAL | Articles: 36 | Alert: True
2026-05-26 20:38:16,987 | INFO | omninexus.signals.gold | Friction Score: 100/100 — CRITICAL
2026-05-26 20:38:16,987 | INFO | omninexus.ingestion.darkpool | Scanning dark pools for institutional signals...
2026-05-26 20:38:18,545 | WARNING | omninexus.ingestion.darkpool | FINRA GLD: Symbol not found in response. Status: 404
2026-05-26 20:38:18,547 | WARNING | omninexus.ingestion.darkpool | GLD: Using simulated volume (FINRA API unavailable)
2026-05-26 20:38:18,560 | INFO | omninexus.ingestion.darkpool | GLD: Volume=14,531,954 | Mean=14,727,041 | Z-Score=-0.12
2026-05-26 20:38:18,564 | INFO | omninexus.ingestion.darkpool | Dark pool baseline saved
2026-05-26 20:38:23,635 | WARNING | omninexus.ingestion.darkpool | FINRA IAU: Symbol not found in response. Status: 404
2026-05-26 20:38:23,638 | WARNING | omninexus.ingestion.darkpool | IAU: Using simulated volume (FINRA API unavailable)
2026-05-26 20:38:23,731 | INFO | omninexus.ingestion.darkpool | IAU: Volume=8,616,087 | Mean=7,620,328 | Z-Score=1.12
2026-05-26 20:38:23,819 | INFO | omninexus.ingestion.darkpool | Dark pool baseline saved
2026-05-26 20:38:29,339 | WARNING | omninexus.ingestion.darkpool | FINRA FXB: Symbol not found in response. Status: 404
2026-05-26 20:38:29,371 | WARNING | omninexus.ingestion.darkpool | FXB: Using simulated volume (FINRA API unavailable)
2026-05-26 20:38:29,423 | INFO | omninexus.ingestion.darkpool | FXB: Volume=500,257 | Mean=504,005 | Z-Score=-0.06
2026-05-26 20:38:29,436 | INFO | omninexus.ingestion.darkpool | Dark pool baseline saved
2026-05-26 20:38:34,778 | WARNING | omninexus.ingestion.darkpool | FINRA GDX: Symbol not found in response. Status: 404
2026-05-26 20:38:34,811 | WARNING | omninexus.ingestion.darkpool | GDX: Using simulated volume (FINRA API unavailable)
2026-05-26 20:38:34,838 | INFO | omninexus.ingestion.darkpool | GDX: Volume=13,982,615 | Mean=12,222,396 | Z-Score=1.27
2026-05-26 20:38:34,842 | INFO | omninexus.ingestion.darkpool | Dark pool baseline saved
2026-05-26 20:38:34,849 | INFO | omninexus.ingestion.darkpool | Dark pool scan complete. Anomalies: 0 | Gold Signal: False | GBP Signal: False
2026-05-26 20:38:34,855 | INFO | omninexus.signals.gold | Dark Pool: 0 anomalies | Gold signal: False
2026-05-26 20:38:34,855 | INFO | omninexus.signals.gold | Gold Aggregation complete: Bias=48.1/100 (NEUTRAL) | Confluence=33.3% | Time=31.3s
2026-05-26 20:38:35,008 | INFO | omninexus.signals.gbp | Running GBP Signal Aggregation...
2026-05-26 20:38:35,027 | INFO | omninexus.signals.gbp | Fetching BoE/BoJ yield spread...
2026-05-26 20:38:39,168 | INFO | omninexus.signals.gbp | BoE: 4.821% | BoJ: 2.515% | Spread: 2.306% | Bias: BULLISH
2026-05-26 20:38:39,189 | INFO | omninexus.signals.gbp | Session: NEW YORK SESSION | Volatility: HIGH | Stop-Hunt Risk: MODERATE
2026-05-26 20:38:39,196 | INFO | omninexus.ingestion.darkpool | Scanning dark pools for institutional signals...
2026-05-26 20:38:45,841 | WARNING | omninexus.ingestion.darkpool | FINRA GLD: Symbol not found in response. Status: 404
2026-05-26 20:38:45,858 | WARNING | omninexus.ingestion.darkpool | GLD: Using simulated volume (FINRA API unavailable)
2026-05-26 20:38:45,872 | INFO | omninexus.ingestion.darkpool | GLD: Volume=13,479,426 | Mean=14,718,912 | Z-Score=-0.75
2026-05-26 20:38:45,875 | INFO | omninexus.ingestion.darkpool | Dark pool baseline saved
2026-05-26 20:38:47,618 | WARNING | omninexus.ingestion.darkpool | FINRA IAU: Symbol not found in response. Status: 404
2026-05-26 20:38:47,645 | WARNING | omninexus.ingestion.darkpool | IAU: Using simulated volume (FINRA API unavailable)
2026-05-26 20:38:47,672 | INFO | omninexus.ingestion.darkpool | IAU: Volume=6,667,867 | Mean=7,661,818 | Z-Score=-1.11
2026-05-26 20:38:47,687 | INFO | omninexus.ingestion.darkpool | Dark pool baseline saved
2026-05-26 20:38:49,509 | WARNING | omninexus.ingestion.darkpool | FINRA FXB: Symbol not found in response. Status: 404
2026-05-26 20:38:49,602 | WARNING | omninexus.ingestion.darkpool | FXB: Using simulated volume (FINRA API unavailable)
2026-05-26 20:38:49,615 | INFO | omninexus.ingestion.darkpool | FXB: Volume=554,840 | Mean=503,849 | Z-Score=0.83
2026-05-26 20:38:49,696 | INFO | omninexus.ingestion.darkpool | Dark pool baseline saved
2026-05-26 20:38:55,409 | WARNING | omninexus.ingestion.darkpool | FINRA GDX: Symbol not found in response. Status: 404
2026-05-26 20:38:55,417 | WARNING | omninexus.ingestion.darkpool | GDX: Using simulated volume (FINRA API unavailable)
2026-05-26 20:38:55,439 | INFO | omninexus.ingestion.darkpool | GDX: Volume=11,831,597 | Mean=12,295,739 | Z-Score=-0.33
2026-05-26 20:38:55,442 | INFO | omninexus.ingestion.darkpool | Dark pool baseline saved
2026-05-26 20:38:55,460 | INFO | omninexus.ingestion.darkpool | Dark pool scan complete. Anomalies: 0 | Gold Signal: False | GBP Signal: False
2026-05-26 20:38:55,468 | INFO | omninexus.signals.gbp | GBP Aggregation complete: Bias=58.5/100 (BULLISH) | Session=NEW YORK SESSION | Time=20.4s
2026-05-26 20:39:17,209 | INFO | omninexus.brain.autoencoder | Autoencoder weights loaded: logs/autoencoder/weights.json
2026-05-26 20:39:17,218 | INFO | omninexus.brain.autoencoder | Loaded existing autoencoder weights
2026-05-26 20:39:17,392 | INFO | omninexus.brain.autoencoder | Regime stable: error=0.007010 | STABLE
2026-05-26 20:39:17,442 | INFO | omninexus.brain.cfr_agent | CFR Agent initialized: mode=slow | threshold=0.700 | kelly_mult=1.0
2026-05-26 20:39:17,442 | INFO | omninexus.brain.cfr_agent | CFR [SLOW]: score=0.833 | allowed=True | direction=LONG | kelly_adj=0.833
2026-05-26 20:39:17,668 | INFO | omninexus.brain.meta_agent | Meta-Agent state loaded: brain=fast
2026-05-26 20:39:17,668 | INFO | omninexus.brain.cfr_agent | CFR Agent initialized: mode=slow | threshold=0.700 | kelly_mult=1.0
2026-05-26 20:39:17,668 | INFO | omninexus.brain.cfr_agent | CFR Agent initialized: mode=fast | threshold=0.595 | kelly_mult=0.6
2026-05-26 20:39:17,669 | INFO | omninexus.brain.meta_agent | Meta-Agent initialized. Current brain: fast
2026-05-26 20:39:17,880 | INFO | omninexus.brain.meta_agent | Meta-Agent: brain=slow | triggers=[] | switched=True
2026-05-26 20:39:17,973 | INFO | omninexus.brain.regime_transfer | Fingerprint library: 5 regimes
2026-05-26 20:39:17,973 | INFO | omninexus.brain.regime_transfer | Regime match: Normal Trending Market (sim=0.7257) | Policy: LONG XAUUSD
2026-05-26 20:39:18,109 | INFO | omninexus.memory.fingerprint | Loaded 2 fingerprints from memory
2026-05-26 20:39:18,196 | INFO | omninexus.memory.half_life | Half-life data loaded: 6 signals tracked
2026-05-26 20:39:18,196 | WARNING | omninexus.memory.half_life | HALF-LIFE ALERT: Dark Pool Ghost Signal | Correlation=0.0000 | Degradation=100.0%
2026-05-26 20:40:21,315 | INFO | omninexus.config | Loading OmniNexus configuration...
2026-05-26 20:40:21,328 | WARNING | omninexus.config | Key Vault unavailable for TELEGRAM-BOT-TOKEN. Falling back to .env. Reason: No module named 'azure'
2026-05-26 20:40:21,328 | INFO | omninexus.config | Secret loaded from .env: TELEGRAM_BOT_TOKEN
2026-05-26 20:40:21,329 | WARNING | omninexus.config | Key Vault unavailable for TELEGRAM-CHAT-ID. Falling back to .env. Reason: No module named 'azure'
2026-05-26 20:40:21,330 | INFO | omninexus.config | Secret loaded from .env: TELEGRAM_CHAT_ID
2026-05-26 20:40:21,331 | WARNING | omninexus.config | Key Vault unavailable for FRED-API-KEY. Falling back to .env. Reason: No module named 'azure'
2026-05-26 20:40:21,331 | INFO | omninexus.config | Secret loaded from .env: FRED_API_KEY
2026-05-26 20:40:21,332 | WARNING | omninexus.config | Key Vault unavailable for GITHUB-API-TOKEN. Falling back to .env. Reason: No module named 'azure'
2026-05-26 20:40:21,332 | INFO | omninexus.config | Secret loaded from .env: GITHUB_API_TOKEN
2026-05-26 20:40:21,334 | WARNING | omninexus.config | Key Vault unavailable for NASA-EARTHDATA-TOKEN. Falling back to .env. Reason: No module named 'azure'
2026-05-26 20:40:21,334 | INFO | omninexus.config | Secret loaded from .env: NASA_EARTHDATA_TOKEN
2026-05-26 20:40:21,335 | WARNING | omninexus.config | Key Vault unavailable for COPERNICUS-CLIENT-ID. Falling back to .env. Reason: No module named 'azure'
2026-05-26 20:40:21,335 | INFO | omninexus.config | Secret loaded from .env: COPERNICUS_CLIENT_ID
2026-05-26 20:40:21,336 | WARNING | omninexus.config | Key Vault unavailable for COPERNICUS-CLIENT-SECRET. Falling back to .env. Reason: No module named 'azure'
2026-05-26 20:40:21,337 | INFO | omninexus.config | Secret loaded from .env: COPERNICUS_CLIENT_SECRET
2026-05-26 20:40:21,337 | WARNING | omninexus.config | Key Vault unavailable for DERIV-API-TOKEN. Falling back to .env. Reason: No module named 'azure'
2026-05-26 20:40:21,338 | INFO | omninexus.config | Secret loaded from .env: DERIV_API_TOKEN
2026-05-26 20:40:21,339 | WARNING | omninexus.config | Key Vault unavailable for COSMOS-ENDPOINT. Falling back to .env. Reason: No module named 'azure'
2026-05-26 20:40:21,341 | INFO | omninexus.config | Secret loaded from .env: COSMOS_ENDPOINT
2026-05-26 20:40:21,342 | WARNING | omninexus.config | Key Vault unavailable for COSMOS-KEY. Falling back to .env. Reason: No module named 'azure'
2026-05-26 20:40:21,342 | INFO | omninexus.config | Secret loaded from .env: COSMOS_KEY
2026-05-26 20:40:21,343 | WARNING | omninexus.config | Key Vault unavailable for COGNITIVE-SERVICES-ENDPOINT. Falling back to .env. Reason: No module named 'azure'
2026-05-26 20:40:21,344 | INFO | omninexus.config | Secret loaded from .env: COGNITIVE_SERVICES_ENDPOINT
2026-05-26 20:40:21,345 | WARNING | omninexus.config | Key Vault unavailable for COGNITIVE-SERVICES-KEY. Falling back to .env. Reason: No module named 'azure'
2026-05-26 20:40:21,345 | INFO | omninexus.config | Secret loaded from .env: COGNITIVE_SERVICES_KEY
2026-05-26 20:40:21,346 | INFO | omninexus.config | Configuration loaded successfully.
2026-05-26 20:40:21,346 | INFO | omninexus.config | Instruments: ['XAUUSD', 'GBPUSD', 'GBPJPY']
2026-05-26 20:40:21,346 | INFO | omninexus.config | Max daily loss: 2.0%
2026-05-26 20:40:21,346 | INFO | omninexus.config | Max drawdown: 5.0%
2026-05-26 20:40:23,715 | INFO | omninexus.ingestion.fred_yield | Calculating Real Yield for XAUUSD signal...
2026-05-26 20:40:25,634 | INFO | omninexus.ingestion.fred_yield | FRED GS10: fetched 5 observations
2026-05-26 20:40:26,887 | INFO | omninexus.ingestion.fred_yield | FRED DFII10: fetched 5 observations
2026-05-26 20:40:28,118 | INFO | omninexus.ingestion.fred_yield | FRED T10YIE: fetched 5 observations
2026-05-26 20:40:29,588 | INFO | omninexus.ingestion.fred_yield | FRED DFII10: fetched 5 observations
2026-05-26 20:40:29,590 | INFO | omninexus.ingestion.fred_yield | Real Yield: 2.180% | Gold Bias: STRONG BEARISH | Breakout: False
2026-05-26 20:40:32,005 | INFO | omninexus.ingestion.friction | Calculating Geopolitical Friction Index...
2026-05-26 20:40:32,139 | WARNING | omninexus.ingestion.friction | Feed parse issue: Reuters World News — <urlopen error [Errno 11001] getaddrinfo failed>
2026-05-26 20:40:40,371 | INFO | omninexus.ingestion.friction | BBC World News: 10 friction articles found
2026-05-26 20:41:01,613 | WARNING | omninexus.ingestion.friction | Feed parse issue: Al Jazeera — <urlopen error [WinError 10060] A connection attempt failed because the connected party did not properly respond after a period of time, or established connection failed because connected host has failed to respond>
2026-05-26 20:41:01,690 | WARNING | omninexus.ingestion.friction | Feed parse issue: Reuters Business — <urlopen error [Errno 11001] getaddrinfo failed>
2026-05-26 20:41:04,407 | INFO | omninexus.ingestion.friction | Financial Times: 6 friction articles found
2026-05-26 20:41:05,655 | INFO | omninexus.ingestion.friction | Bloomberg Markets: 9 friction articles found
2026-05-26 20:41:05,656 | INFO | omninexus.ingestion.friction | Friction Score: 100/100 | Level: CRITICAL | Articles: 25 | Alert: True
2026-05-26 20:41:05,695 | INFO | omninexus.ingestion.darkpool | Scanning dark pools for institutional signals...
2026-05-26 20:41:11,532 | WARNING | omninexus.ingestion.darkpool | FINRA GLD: Symbol not found in response. Status: 404
2026-05-26 20:41:11,533 | WARNING | omninexus.ingestion.darkpool | GLD: Using simulated volume (FINRA API unavailable)
2026-05-26 20:41:12,243 | INFO | omninexus.ingestion.darkpool | GLD: Volume=16,130,695 | Mean=14,669,333 | Z-Score=0.89
2026-05-26 20:41:12,443 | INFO | omninexus.ingestion.darkpool | Dark pool baseline saved
2026-05-26 20:41:32,164 | WARNING | omninexus.ingestion.darkpool | FINRA IAU: Symbol not found in response. Status: 404
2026-05-26 20:41:32,165 | WARNING | omninexus.ingestion.darkpool | IAU: Using simulated volume (FINRA API unavailable)
2026-05-26 20:41:32,178 | INFO | omninexus.ingestion.darkpool | IAU: Volume=7,247,198 | Mean=7,622,060 | Z-Score=-0.42
2026-05-26 20:41:32,179 | INFO | omninexus.ingestion.darkpool | Dark pool baseline saved
2026-05-26 20:41:41,349 | WARNING | omninexus.ingestion.darkpool | FINRA FXB: Symbol not found in response. Status: 404
2026-05-26 20:41:41,351 | WARNING | omninexus.ingestion.darkpool | FXB: Using simulated volume (FINRA API unavailable)
2026-05-26 20:41:41,362 | INFO | omninexus.ingestion.darkpool | FXB: Volume=591,150 | Mean=505,888 | Z-Score=1.40
2026-05-26 20:41:41,364 | INFO | omninexus.ingestion.darkpool | Dark pool baseline saved
2026-05-26 20:41:47,323 | WARNING | omninexus.ingestion.darkpool | FINRA GDX: Symbol not found in response. Status: 404
2026-05-26 20:41:47,325 | WARNING | omninexus.ingestion.darkpool | GDX: Using simulated volume (FINRA API unavailable)
2026-05-26 20:41:47,335 | INFO | omninexus.ingestion.darkpool | GDX: Volume=10,677,247 | Mean=12,277,173 | Z-Score=-1.16
2026-05-26 20:41:47,337 | INFO | omninexus.ingestion.darkpool | Dark pool baseline saved
2026-05-26 20:41:47,338 | INFO | omninexus.ingestion.darkpool | Dark pool scan complete. Anomalies: 0 | Gold Signal: False | GBP Signal: False
2026-05-26 20:41:47,415 | INFO | omninexus.signals.gold | Running Gold Signal Aggregation...
2026-05-26 20:41:47,416 | INFO | omninexus.ingestion.fred_yield | Calculating Real Yield for XAUUSD signal...
2026-05-26 20:41:49,788 | INFO | omninexus.ingestion.fred_yield | FRED GS10: fetched 5 observations
2026-05-26 20:41:54,318 | INFO | omninexus.ingestion.fred_yield | FRED DFII10: fetched 5 observations
2026-05-26 20:41:55,451 | INFO | omninexus.ingestion.fred_yield | FRED T10YIE: fetched 5 observations
2026-05-26 20:41:57,057 | INFO | omninexus.ingestion.fred_yield | FRED DFII10: fetched 5 observations
2026-05-26 20:41:57,059 | INFO | omninexus.ingestion.fred_yield | Real Yield: 2.180% | Gold Bias: STRONG BEARISH | Breakout: False
2026-05-26 20:41:57,059 | INFO | omninexus.signals.gold | Real Yield: 2.180% — STRONG BEARISH
2026-05-26 20:41:57,059 | INFO | omninexus.ingestion.friction | Calculating Geopolitical Friction Index...
2026-05-26 20:41:57,209 | WARNING | omninexus.ingestion.friction | Feed parse issue: Reuters World News — <urlopen error [Errno 11001] getaddrinfo failed>
2026-05-26 20:41:58,012 | INFO | omninexus.ingestion.friction | BBC World News: 10 friction articles found
2026-05-26 20:41:58,747 | INFO | omninexus.ingestion.friction | Al Jazeera: 11 friction articles found
2026-05-26 20:41:58,780 | WARNING | omninexus.ingestion.friction | Feed parse issue: Reuters Business — <urlopen error [Errno 11001] getaddrinfo failed>
2026-05-26 20:42:01,654 | INFO | omninexus.ingestion.friction | Financial Times: 6 friction articles found
2026-05-26 20:42:24,720 | INFO | omninexus.ingestion.friction | Bloomberg Markets: 9 friction articles found
2026-05-26 20:42:24,721 | INFO | omninexus.ingestion.friction | Friction Score: 100/100 | Level: CRITICAL | Articles: 36 | Alert: True
2026-05-26 20:42:24,864 | INFO | omninexus.signals.gold | Friction Score: 100/100 — CRITICAL
2026-05-26 20:42:24,865 | INFO | omninexus.ingestion.darkpool | Scanning dark pools for institutional signals...
2026-05-26 20:42:36,456 | WARNING | omninexus.ingestion.darkpool | FINRA GLD: Symbol not found in response. Status: 404
2026-05-26 20:42:36,458 | WARNING | omninexus.ingestion.darkpool | GLD: Using simulated volume (FINRA API unavailable)
2026-05-26 20:42:36,468 | INFO | omninexus.ingestion.darkpool | GLD: Volume=17,809,428 | Mean=14,725,539 | Z-Score=1.90
2026-05-26 20:42:36,469 | INFO | omninexus.ingestion.darkpool | Dark pool baseline saved
2026-05-26 20:42:41,841 | WARNING | omninexus.ingestion.darkpool | FINRA IAU: Symbol not found in response. Status: 404
2026-05-26 20:42:41,842 | WARNING | omninexus.ingestion.darkpool | IAU: Using simulated volume (FINRA API unavailable)
2026-05-26 20:42:41,851 | INFO | omninexus.ingestion.darkpool | IAU: Volume=7,406,011 | Mean=7,607,642 | Z-Score=-0.23
2026-05-26 20:42:41,854 | INFO | omninexus.ingestion.darkpool | Dark pool baseline saved
2026-05-26 20:42:50,170 | WARNING | omninexus.ingestion.darkpool | FINRA FXB: Symbol not found in response. Status: 404
2026-05-26 20:42:50,172 | WARNING | omninexus.ingestion.darkpool | FXB: Using simulated volume (FINRA API unavailable)
2026-05-26 20:42:50,181 | INFO | omninexus.ingestion.darkpool | FXB: Volume=582,848 | Mean=509,168 | Z-Score=1.19
2026-05-26 20:42:50,184 | INFO | omninexus.ingestion.darkpool | Dark pool baseline saved
2026-05-26 20:42:55,523 | WARNING | omninexus.ingestion.darkpool | FINRA GDX: Symbol not found in response. Status: 404
2026-05-26 20:42:55,525 | WARNING | omninexus.ingestion.darkpool | GDX: Using simulated volume (FINRA API unavailable)
2026-05-26 20:42:55,533 | INFO | omninexus.ingestion.darkpool | GDX: Volume=10,610,728 | Mean=12,215,637 | Z-Score=-1.16
2026-05-26 20:42:55,536 | INFO | omninexus.ingestion.darkpool | Dark pool baseline saved
2026-05-26 20:42:55,536 | INFO | omninexus.ingestion.darkpool | Dark pool scan complete. Anomalies: 0 | Gold Signal: False | GBP Signal: False
2026-05-26 20:42:55,536 | INFO | omninexus.signals.gold | Dark Pool: 0 anomalies | Gold signal: False
2026-05-26 20:42:55,537 | INFO | omninexus.signals.gold | Gold Aggregation complete: Bias=48.1/100 (NEUTRAL) | Confluence=33.3% | Time=68.1s
2026-05-26 20:42:55,552 | INFO | omninexus.signals.gbp | Running GBP Signal Aggregation...
2026-05-26 20:42:55,552 | INFO | omninexus.signals.gbp | Fetching BoE/BoJ yield spread...
2026-05-26 20:42:59,505 | INFO | omninexus.signals.gbp | BoE: 4.821% | BoJ: 2.515% | Spread: 2.306% | Bias: BULLISH
2026-05-26 20:42:59,506 | INFO | omninexus.signals.gbp | Session: NEW YORK SESSION | Volatility: HIGH | Stop-Hunt Risk: MODERATE
2026-05-26 20:42:59,506 | INFO | omninexus.ingestion.darkpool | Scanning dark pools for institutional signals...
2026-05-26 20:43:05,402 | WARNING | omninexus.ingestion.darkpool | FINRA GLD: Symbol not found in response. Status: 404
2026-05-26 20:43:05,403 | WARNING | omninexus.ingestion.darkpool | GLD: Using simulated volume (FINRA API unavailable)
2026-05-26 20:43:05,413 | INFO | omninexus.ingestion.darkpool | GLD: Volume=13,480,408 | Mean=14,839,757 | Z-Score=-0.80
2026-05-26 20:43:05,416 | INFO | omninexus.ingestion.darkpool | Dark pool baseline saved
2026-05-26 20:43:40,016 | WARNING | omninexus.ingestion.darkpool | FINRA IAU: Symbol not found in response. Status: 404
2026-05-26 20:43:40,019 | WARNING | omninexus.ingestion.darkpool | IAU: Using simulated volume (FINRA API unavailable)
2026-05-26 20:43:40,028 | INFO | omninexus.ingestion.darkpool | IAU: Volume=7,976,694 | Mean=7,600,174 | Z-Score=0.43
2026-05-26 20:43:40,029 | INFO | omninexus.ingestion.darkpool | Dark pool baseline saved
2026-05-26 20:43:41,316 | WARNING | omninexus.ingestion.darkpool | FINRA FXB: Symbol not found in response. Status: 404
2026-05-26 20:43:41,319 | WARNING | omninexus.ingestion.darkpool | FXB: Using simulated volume (FINRA API unavailable)
2026-05-26 20:43:41,328 | INFO | omninexus.ingestion.darkpool | FXB: Volume=439,351 | Mean=511,897 | Z-Score=-1.16
2026-05-26 20:43:41,330 | INFO | omninexus.ingestion.darkpool | Dark pool baseline saved
2026-05-26 20:43:42,580 | WARNING | omninexus.ingestion.darkpool | FINRA GDX: Symbol not found in response. Status: 404
2026-05-26 20:43:42,582 | WARNING | omninexus.ingestion.darkpool | GDX: Using simulated volume (FINRA API unavailable)
2026-05-26 20:43:42,600 | INFO | omninexus.ingestion.darkpool | GDX: Volume=10,361,052 | Mean=12,156,196 | Z-Score=-1.29
2026-05-26 20:43:42,603 | INFO | omninexus.ingestion.darkpool | Dark pool baseline saved
2026-05-26 20:43:42,604 | INFO | omninexus.ingestion.darkpool | Dark pool scan complete. Anomalies: 0 | Gold Signal: False | GBP Signal: False
2026-05-26 20:43:42,606 | INFO | omninexus.signals.gbp | GBP Aggregation complete: Bias=58.5/100 (BULLISH) | Session=NEW YORK SESSION | Time=47.1s
2026-05-26 20:43:44,669 | INFO | omninexus.brain.autoencoder | Autoencoder weights loaded: logs/autoencoder/weights.json
2026-05-26 20:43:44,670 | INFO | omninexus.brain.autoencoder | Loaded existing autoencoder weights
2026-05-26 20:43:44,738 | INFO | omninexus.brain.autoencoder | Regime stable: error=0.007010 | STABLE
2026-05-26 20:43:44,753 | INFO | omninexus.brain.cfr_agent | CFR Agent initialized: mode=slow | threshold=0.700 | kelly_mult=1.0
2026-05-26 20:43:44,754 | INFO | omninexus.brain.cfr_agent | CFR [SLOW]: score=0.833 | allowed=True | direction=LONG | kelly_adj=0.833
2026-05-26 20:43:44,799 | INFO | omninexus.brain.meta_agent | Meta-Agent state loaded: brain=slow
2026-05-26 20:43:44,799 | INFO | omninexus.brain.cfr_agent | CFR Agent initialized: mode=slow | threshold=0.700 | kelly_mult=1.0
2026-05-26 20:43:44,799 | INFO | omninexus.brain.cfr_agent | CFR Agent initialized: mode=fast | threshold=0.595 | kelly_mult=0.6
2026-05-26 20:43:44,799 | INFO | omninexus.brain.meta_agent | Meta-Agent initialized. Current brain: slow
2026-05-26 20:43:44,800 | INFO | omninexus.brain.meta_agent | Meta-Agent: brain=slow | triggers=[] | switched=False
2026-05-26 20:43:44,841 | INFO | omninexus.brain.regime_transfer | Fingerprint library: 5 regimes
2026-05-26 20:43:44,842 | INFO | omninexus.brain.regime_transfer | Regime match: Normal Trending Market (sim=0.7257) | Policy: LONG XAUUSD
2026-05-26 20:43:44,870 | INFO | omninexus.memory.fingerprint | Loaded 2 fingerprints from memory
2026-05-26 20:43:44,913 | INFO | omninexus.memory.half_life | Half-life data loaded: 6 signals tracked
2026-05-26 20:43:45,047 | INFO | omninexus.execution.kelly_cfr | Sizing position for XAUUSD | Balance: $1,000.00 | Bias: 75.0/100
2026-05-26 20:43:45,048 | INFO | omninexus.execution.kelly_cfr | CFR Regret Score: 0.713 | Allowed: True | Boost: 0.312 | Penalty: 0.000
2026-05-26 20:43:45,049 | INFO | omninexus.execution.kelly_cfr | Position sized: 3.00% = $30.00 = 0.01 lots | Win prob: 64.0% | Kelly: 0.2300 | CFR: 0.713
2026-05-26 20:43:45,049 | INFO | omninexus.execution.entry | XAUUSD BUY LIMIT: Entry=2386.46250 | SL=2385.71250 (75p) | TP=2387.96250 (150p) | RR=1:2.0
2026-05-26 20:43:45,240 | INFO | omninexus.functions.azure_function | Azure Function triggered: status | Run #1
2026-05-26 20:43:45,256 | INFO | omninexus.functions.deployment | Running OmniNexus deployment check...
2026-05-26 20:43:56,632 | ERROR | omninexus.graph.cosmos | gremlinpython not installed. Run: pip install gremlinpython
2026-05-26 20:43:56,633 | INFO | omninexus.functions.deployment | Deployment check: 3/5 healthy | Deployed: True
2026-05-26 20:43:56,695 | INFO | omninexus.functions.ci_cd | CI/CD stage: lint
2026-05-26 20:43:56,695 | INFO | omninexus.functions.ci_cd | Running lint checks...
2026-05-26 20:43:56,728 | INFO | omninexus.functions.ci_cd | Lint check passed: all files present
2026-05-26 20:43:56,730 | INFO | omninexus.functions.ci_cd | Stage lint: PASSED | 0.03s
2026-05-26 20:43:56,733 | INFO | omninexus.signals.gold | Running Gold Signal Aggregation...
2026-05-26 20:43:56,734 | INFO | omninexus.ingestion.fred_yield | Calculating Real Yield for XAUUSD signal...
2026-05-26 20:43:58,449 | INFO | omninexus.ingestion.fred_yield | FRED GS10: fetched 5 observations
2026-05-26 20:43:59,633 | INFO | omninexus.ingestion.fred_yield | FRED DFII10: fetched 5 observations
2026-05-26 20:44:01,815 | INFO | omninexus.ingestion.fred_yield | FRED T10YIE: fetched 5 observations
2026-05-26 20:44:03,427 | INFO | omninexus.ingestion.fred_yield | FRED DFII10: fetched 5 observations
2026-05-26 20:44:03,429 | INFO | omninexus.ingestion.fred_yield | Real Yield: 2.180% | Gold Bias: STRONG BEARISH | Breakout: False
2026-05-26 20:44:03,430 | INFO | omninexus.signals.gold | Real Yield: 2.180% — STRONG BEARISH
2026-05-26 20:44:03,430 | INFO | omninexus.ingestion.friction | Calculating Geopolitical Friction Index...
2026-05-26 20:44:03,544 | WARNING | omninexus.ingestion.friction | Feed parse issue: Reuters World News — <urlopen error [Errno 11001] getaddrinfo failed>
2026-05-26 20:44:19,625 | INFO | omninexus.ingestion.friction | BBC World News: 10 friction articles found
2026-05-26 20:44:27,300 | INFO | omninexus.ingestion.friction | Al Jazeera: 11 friction articles found
2026-05-26 20:44:27,339 | WARNING | omninexus.ingestion.friction | Feed parse issue: Reuters Business — <urlopen error [Errno 11001] getaddrinfo failed>
2026-05-26 20:44:47,276 | INFO | omninexus.ingestion.friction | Financial Times: 6 friction articles found
2026-05-26 20:44:48,433 | INFO | omninexus.ingestion.friction | Bloomberg Markets: 9 friction articles found
2026-05-26 20:44:48,433 | INFO | omninexus.ingestion.friction | Friction Score: 100/100 | Level: CRITICAL | Articles: 36 | Alert: True
2026-05-26 20:44:48,434 | INFO | omninexus.signals.gold | Friction Score: 100/100 — CRITICAL
2026-05-26 20:44:48,434 | INFO | omninexus.ingestion.darkpool | Scanning dark pools for institutional signals...
2026-05-26 20:44:49,713 | WARNING | omninexus.ingestion.darkpool | FINRA GLD: Symbol not found in response. Status: 404
2026-05-26 20:44:49,715 | WARNING | omninexus.ingestion.darkpool | GLD: Using simulated volume (FINRA API unavailable)
2026-05-26 20:44:49,726 | INFO | omninexus.ingestion.darkpool | GLD: Volume=15,218,069 | Mean=14,791,209 | Z-Score=0.25
2026-05-26 20:44:49,729 | INFO | omninexus.ingestion.darkpool | Dark pool baseline saved
2026-05-26 20:44:55,048 | WARNING | omninexus.ingestion.darkpool | FINRA IAU: Symbol not found in response. Status: 404
2026-05-26 20:44:55,050 | WARNING | omninexus.ingestion.darkpool | IAU: Using simulated volume (FINRA API unavailable)
2026-05-26 20:44:55,058 | INFO | omninexus.ingestion.darkpool | IAU: Volume=8,182,691 | Mean=7,613,621 | Z-Score=0.67
2026-05-26 20:44:55,061 | INFO | omninexus.ingestion.darkpool | Dark pool baseline saved
2026-05-26 20:44:59,362 | WARNING | omninexus.ingestion.darkpool | FINRA FXB: Symbol not found in response. Status: 404
2026-05-26 20:44:59,364 | WARNING | omninexus.ingestion.darkpool | FXB: Using simulated volume (FINRA API unavailable)
2026-05-26 20:44:59,373 | INFO | omninexus.ingestion.darkpool | FXB: Volume=506,199 | Mean=509,306 | Z-Score=-0.05
2026-05-26 20:44:59,375 | INFO | omninexus.ingestion.darkpool | Dark pool baseline saved
2026-05-26 20:45:01,581 | WARNING | omninexus.ingestion.darkpool | FINRA GDX: Symbol not found in response. Status: 404
2026-05-26 20:45:01,582 | WARNING | omninexus.ingestion.darkpool | GDX: Using simulated volume (FINRA API unavailable)
2026-05-26 20:45:01,591 | INFO | omninexus.ingestion.darkpool | GDX: Volume=14,353,831 | Mean=12,092,084 | Z-Score=1.60
2026-05-26 20:45:01,593 | INFO | omninexus.ingestion.darkpool | Dark pool baseline saved
2026-05-26 20:45:01,595 | INFO | omninexus.ingestion.darkpool | Dark pool scan complete. Anomalies: 0 | Gold Signal: False | GBP Signal: False
2026-05-26 20:45:01,595 | INFO | omninexus.signals.gold | Dark Pool: 0 anomalies | Gold signal: False
2026-05-26 20:45:01,596 | INFO | omninexus.signals.gold | Gold Aggregation complete: Bias=48.1/100 (NEUTRAL) | Confluence=33.3% | Time=64.9s
2026-05-26 20:45:01,597 | INFO | omninexus.signals.gbp | Running GBP Signal Aggregation...
2026-05-26 20:45:01,597 | INFO | omninexus.signals.gbp | Fetching BoE/BoJ yield spread...
2026-05-26 20:45:14,980 | ERROR | omninexus.signals.gbp | FRED yield fetch error IRLTLT01JPM156N: HTTPSConnectionPool(host='api.stlouisfed.org', port=443): Max retries exceeded with url: /fred/series/observations?series_id=IRLTLT01JPM156N&api_key=d6acb8445d5777944ca9a8f432ee2552&file_type=json&sort_order=desc&limit=3 (Caused by ConnectTimeoutError(<HTTPSConnection(host='api.stlouisfed.org', port=443) at 0x20bcb276f90>, 'Connection to api.stlouisfed.org timed out. (connect timeout=10)'))
2026-05-26 20:45:14,980 | WARNING | omninexus.signals.gbp | BoE/BoJ spread: Missing yield data. BoE=4.8207, BoJ=None
2026-05-26 20:45:14,980 | INFO | omninexus.signals.gbp | Session: NEW YORK SESSION | Volatility: HIGH | Stop-Hunt Risk: MODERATE
2026-05-26 20:45:14,981 | INFO | omninexus.ingestion.darkpool | Scanning dark pools for institutional signals...
2026-05-26 20:45:20,089 | WARNING | omninexus.ingestion.darkpool | FINRA GLD: Symbol not found in response. Status: 404
2026-05-26 20:45:20,091 | WARNING | omninexus.ingestion.darkpool | GLD: Using simulated volume (FINRA API unavailable)
2026-05-26 20:45:20,100 | INFO | omninexus.ingestion.darkpool | GLD: Volume=16,419,844 | Mean=14,805,928 | Z-Score=0.97
2026-05-26 20:45:20,103 | INFO | omninexus.ingestion.darkpool | Dark pool baseline saved
2026-05-26 20:45:24,591 | WARNING | omninexus.ingestion.darkpool | FINRA IAU: Symbol not found in response. Status: 404
2026-05-26 20:45:24,592 | WARNING | omninexus.ingestion.darkpool | IAU: Using simulated volume (FINRA API unavailable)
2026-05-26 20:45:24,602 | INFO | omninexus.ingestion.darkpool | IAU: Volume=8,819,057 | Mean=7,633,244 | Z-Score=1.40
2026-05-26 20:45:24,605 | INFO | omninexus.ingestion.darkpool | Dark pool baseline saved
2026-05-26 20:45:25,906 | WARNING | omninexus.ingestion.darkpool | FINRA FXB: Symbol not found in response. Status: 404
2026-05-26 20:45:25,907 | WARNING | omninexus.ingestion.darkpool | FXB: Using simulated volume (FINRA API unavailable)
2026-05-26 20:45:25,916 | INFO | omninexus.ingestion.darkpool | FXB: Volume=475,961 | Mean=509,199 | Z-Score=-0.54
2026-05-26 20:45:25,918 | INFO | omninexus.ingestion.darkpool | Dark pool baseline saved
2026-05-26 20:45:28,004 | WARNING | omninexus.ingestion.darkpool | FINRA GDX: Symbol not found in response. Status: 404
2026-05-26 20:45:28,006 | WARNING | omninexus.ingestion.darkpool | GDX: Using simulated volume (FINRA API unavailable)
2026-05-26 20:45:28,014 | INFO | omninexus.ingestion.darkpool | GDX: Volume=14,370,320 | Mean=12,170,075 | Z-Score=1.52
2026-05-26 20:45:28,017 | INFO | omninexus.ingestion.darkpool | Dark pool baseline saved
2026-05-26 20:45:28,017 | INFO | omninexus.ingestion.darkpool | Dark pool scan complete. Anomalies: 0 | Gold Signal: False | GBP Signal: False
2026-05-26 20:45:28,017 | INFO | omninexus.signals.gbp | GBP Aggregation complete: Bias=52.8/100 (NEUTRAL) | Session=NEW YORK SESSION | Time=26.4s
2026-05-26 20:45:28,020 | INFO | omninexus.brain.autoencoder | Autoencoder weights loaded: logs/autoencoder/weights.json
2026-05-26 20:45:28,021 | INFO | omninexus.brain.autoencoder | Loaded existing autoencoder weights
2026-05-26 20:45:28,022 | INFO | omninexus.brain.autoencoder | Regime stable: error=0.076271 | STABLE
2026-05-26 20:45:28,023 | INFO | omninexus.brain.meta_agent | Meta-Agent state loaded: brain=slow
2026-05-26 20:45:28,023 | INFO | omninexus.brain.cfr_agent | CFR Agent initialized: mode=slow | threshold=0.700 | kelly_mult=1.0
2026-05-26 20:45:28,023 | INFO | omninexus.brain.cfr_agent | CFR Agent initialized: mode=fast | threshold=0.595 | kelly_mult=0.6
2026-05-26 20:45:28,025 | INFO | omninexus.brain.meta_agent | Meta-Agent initialized. Current brain: slow
2026-05-26 20:45:28,172 | INFO | omninexus.brain.meta_agent | Meta-Agent: brain=fast | triggers=['FRICTION'] | switched=True
2026-05-26 20:45:28,173 | INFO | omninexus.brain.cfr_agent | CFR [FAST]: score=0.000 | allowed=False | direction=NEUTRAL | kelly_adj=0.000
2026-05-26 20:45:28,176 | INFO | omninexus.brain.regime_transfer | Fingerprint library: 5 regimes
2026-05-26 20:45:28,176 | INFO | omninexus.brain.regime_transfer | Regime match: Fed Emergency Hike 75bps (sim=0.7191) | Policy: SHORT XAUUSD
2026-05-26 20:45:28,181 | INFO | omninexus.execution.kelly_cfr | Sizing position for XAUUSD | Balance: $1,000.00 | Bias: 48.1/100
2026-05-26 20:45:28,181 | INFO | omninexus.execution.kelly_cfr | CFR Regret Score: 0.345 | Allowed: False | Boost: 0.095 | Penalty: 0.150
2026-05-26 20:45:28,183 | WARNING | omninexus.execution.kelly_cfr | CFR BLOCKED: Regret score 0.345 below threshold 0.7
2026-05-26 20:45:28,184 | INFO | omninexus.execution.entry | XAUUSD SELL LIMIT: Entry=2388.44145 | SL=2389.19145 (75p) | TP=2386.94145 (150p) | RR=1:2.0
2026-05-26 20:45:28,190 | INFO | omninexus.memory.fingerprint | Loaded 2 fingerprints from memory
2026-05-26 20:45:28,207 | INFO | omninexus.memory.half_life | Half-life data loaded: 6 signals tracked
2026-05-26 20:45:28,477 | INFO | omninexus.functions.deployment | Running OmniNexus deployment check...
2026-05-26 20:45:31,034 | ERROR | omninexus.graph.cosmos | gremlinpython not installed. Run: pip install gremlinpython
2026-05-26 20:45:31,035 | INFO | omninexus.functions.deployment | Deployment check: 4/5 healthy | Deployed: True
2026-05-26 21:09:41,735 | INFO | omninexus.config | Loading OmniNexus configuration...
2026-05-26 21:09:41,773 | WARNING | omninexus.config | Key Vault unavailable for TELEGRAM-BOT-TOKEN. Falling back to .env. Reason: No module named 'azure'
2026-05-26 21:09:41,774 | INFO | omninexus.config | Secret loaded from .env: TELEGRAM_BOT_TOKEN
2026-05-26 21:09:41,775 | WARNING | omninexus.config | Key Vault unavailable for TELEGRAM-CHAT-ID. Falling back to .env. Reason: No module named 'azure'
2026-05-26 21:09:41,775 | INFO | omninexus.config | Secret loaded from .env: TELEGRAM_CHAT_ID
2026-05-26 21:09:41,777 | WARNING | omninexus.config | Key Vault unavailable for FRED-API-KEY. Falling back to .env. Reason: No module named 'azure'
2026-05-26 21:09:41,777 | INFO | omninexus.config | Secret loaded from .env: FRED_API_KEY
2026-05-26 21:09:41,778 | WARNING | omninexus.config | Key Vault unavailable for GITHUB-API-TOKEN. Falling back to .env. Reason: No module named 'azure'
2026-05-26 21:09:41,778 | INFO | omninexus.config | Secret loaded from .env: GITHUB_API_TOKEN
2026-05-26 21:09:41,779 | WARNING | omninexus.config | Key Vault unavailable for NASA-EARTHDATA-TOKEN. Falling back to .env. Reason: No module named 'azure'
2026-05-26 21:09:41,779 | INFO | omninexus.config | Secret loaded from .env: NASA_EARTHDATA_TOKEN
2026-05-26 21:09:41,780 | WARNING | omninexus.config | Key Vault unavailable for COPERNICUS-CLIENT-ID. Falling back to .env. Reason: No module named 'azure'
2026-05-26 21:09:41,781 | INFO | omninexus.config | Secret loaded from .env: COPERNICUS_CLIENT_ID
2026-05-26 21:09:41,781 | WARNING | omninexus.config | Key Vault unavailable for COPERNICUS-CLIENT-SECRET. Falling back to .env. Reason: No module named 'azure'
2026-05-26 21:09:41,808 | INFO | omninexus.config | Secret loaded from .env: COPERNICUS_CLIENT_SECRET
2026-05-26 21:09:41,810 | WARNING | omninexus.config | Key Vault unavailable for DERIV-API-TOKEN. Falling back to .env. Reason: No module named 'azure'
2026-05-26 21:09:41,811 | INFO | omninexus.config | Secret loaded from .env: DERIV_API_TOKEN
2026-05-26 21:09:41,811 | WARNING | omninexus.config | Key Vault unavailable for COSMOS-ENDPOINT. Falling back to .env. Reason: No module named 'azure'
2026-05-26 21:09:41,811 | INFO | omninexus.config | Secret loaded from .env: COSMOS_ENDPOINT
2026-05-26 21:09:41,812 | WARNING | omninexus.config | Key Vault unavailable for COSMOS-KEY. Falling back to .env. Reason: No module named 'azure'
2026-05-26 21:09:41,812 | INFO | omninexus.config | Secret loaded from .env: COSMOS_KEY
2026-05-26 21:09:41,812 | WARNING | omninexus.config | Key Vault unavailable for COGNITIVE-SERVICES-ENDPOINT. Falling back to .env. Reason: No module named 'azure'
2026-05-26 21:09:41,813 | INFO | omninexus.config | Secret loaded from .env: COGNITIVE_SERVICES_ENDPOINT
2026-05-26 21:09:41,813 | WARNING | omninexus.config | Key Vault unavailable for COGNITIVE-SERVICES-KEY. Falling back to .env. Reason: No module named 'azure'
2026-05-26 21:09:41,814 | INFO | omninexus.config | Secret loaded from .env: COGNITIVE_SERVICES_KEY
2026-05-26 21:09:41,814 | INFO | omninexus.config | Configuration loaded successfully.
2026-05-26 21:09:41,814 | INFO | omninexus.config | Instruments: ['XAUUSD', 'GBPUSD', 'GBPJPY']
2026-05-26 21:09:41,815 | INFO | omninexus.config | Max daily loss: 2.0%
2026-05-26 21:09:41,815 | INFO | omninexus.config | Max drawdown: 5.0%
2026-05-26 21:09:47,450 | INFO | omninexus.ingestion.fred_yield | Calculating Real Yield for XAUUSD signal...
2026-05-26 21:09:50,604 | INFO | omninexus.ingestion.fred_yield | FRED GS10: fetched 5 observations
2026-05-26 21:09:52,822 | INFO | omninexus.ingestion.fred_yield | FRED DFII10: fetched 5 observations
2026-05-26 21:09:54,179 | INFO | omninexus.ingestion.fred_yield | FRED T10YIE: fetched 5 observations
2026-05-26 21:09:55,718 | INFO | omninexus.ingestion.fred_yield | FRED DFII10: fetched 5 observations
2026-05-26 21:09:55,720 | INFO | omninexus.ingestion.fred_yield | Real Yield: 2.180% | Gold Bias: STRONG BEARISH | Breakout: False
2026-05-26 21:10:00,371 | INFO | omninexus.ingestion.friction | Calculating Geopolitical Friction Index...
2026-05-26 21:10:00,726 | WARNING | omninexus.ingestion.friction | Feed parse issue: Reuters World News — <urlopen error [Errno 11001] getaddrinfo failed>
2026-05-26 21:10:01,838 | INFO | omninexus.ingestion.friction | BBC World News: 10 friction articles found
2026-05-26 21:10:02,499 | INFO | omninexus.ingestion.friction | Al Jazeera: 11 friction articles found
2026-05-26 21:10:02,541 | WARNING | omninexus.ingestion.friction | Feed parse issue: Reuters Business — <urlopen error [Errno 11001] getaddrinfo failed>
2026-05-26 21:10:06,468 | INFO | omninexus.ingestion.friction | Financial Times: 6 friction articles found
2026-05-26 21:10:07,556 | INFO | omninexus.ingestion.friction | Bloomberg Markets: 9 friction articles found
2026-05-26 21:10:07,557 | INFO | omninexus.ingestion.friction | Friction Score: 100/100 | Level: CRITICAL | Articles: 36 | Alert: True
2026-05-26 21:10:07,862 | INFO | omninexus.ingestion.darkpool | Scanning dark pools for institutional signals...
2026-05-26 21:10:12,392 | WARNING | omninexus.ingestion.darkpool | FINRA GLD: Symbol not found in response. Status: 404
2026-05-26 21:10:12,393 | WARNING | omninexus.ingestion.darkpool | GLD: Using simulated volume (FINRA API unavailable)
2026-05-26 21:10:13,449 | INFO | omninexus.ingestion.darkpool | GLD: Volume=17,838,216 | Mean=14,859,725 | Z-Score=1.80
2026-05-26 21:10:13,478 | INFO | omninexus.ingestion.darkpool | Dark pool baseline saved
2026-05-26 21:10:14,778 | WARNING | omninexus.ingestion.darkpool | FINRA IAU: Symbol not found in response. Status: 404
2026-05-26 21:10:14,779 | WARNING | omninexus.ingestion.darkpool | IAU: Using simulated volume (FINRA API unavailable)
2026-05-26 21:10:14,788 | INFO | omninexus.ingestion.darkpool | IAU: Volume=8,260,905 | Mean=7,672,771 | Z-Score=0.68
2026-05-26 21:10:14,790 | INFO | omninexus.ingestion.darkpool | Dark pool baseline saved
2026-05-26 21:10:20,370 | WARNING | omninexus.ingestion.darkpool | FINRA FXB: Symbol not found in response. Status: 404
2026-05-26 21:10:20,372 | WARNING | omninexus.ingestion.darkpool | FXB: Using simulated volume (FINRA API unavailable)
2026-05-26 21:10:20,381 | INFO | omninexus.ingestion.darkpool | FXB: Volume=414,384 | Mean=508,091 | Z-Score=-1.54
2026-05-26 21:10:20,383 | INFO | omninexus.ingestion.darkpool | Dark pool baseline saved
2026-05-26 21:10:27,320 | WARNING | omninexus.ingestion.darkpool | FINRA GDX: Symbol not found in response. Status: 404
2026-05-26 21:10:27,322 | WARNING | omninexus.ingestion.darkpool | GDX: Using simulated volume (FINRA API unavailable)
2026-05-26 21:10:27,333 | INFO | omninexus.ingestion.darkpool | GDX: Volume=11,656,860 | Mean=12,243,417 | Z-Score=-0.40
2026-05-26 21:10:27,397 | INFO | omninexus.ingestion.darkpool | Dark pool baseline saved
2026-05-26 21:10:27,397 | INFO | omninexus.ingestion.darkpool | Dark pool scan complete. Anomalies: 0 | Gold Signal: False | GBP Signal: False
2026-05-26 21:10:27,436 | INFO | omninexus.signals.gold | Running Gold Signal Aggregation...
2026-05-26 21:10:27,436 | INFO | omninexus.ingestion.fred_yield | Calculating Real Yield for XAUUSD signal...
2026-05-26 21:10:29,143 | INFO | omninexus.ingestion.fred_yield | FRED GS10: fetched 5 observations
2026-05-26 21:10:33,661 | INFO | omninexus.ingestion.fred_yield | FRED DFII10: fetched 5 observations
2026-05-26 21:10:34,860 | INFO | omninexus.ingestion.fred_yield | FRED T10YIE: fetched 5 observations
2026-05-26 21:10:36,039 | INFO | omninexus.ingestion.fred_yield | FRED DFII10: fetched 5 observations
2026-05-26 21:10:36,041 | INFO | omninexus.ingestion.fred_yield | Real Yield: 2.180% | Gold Bias: STRONG BEARISH | Breakout: False
2026-05-26 21:10:36,041 | INFO | omninexus.signals.gold | Real Yield: 2.180% — STRONG BEARISH
2026-05-26 21:10:36,042 | INFO | omninexus.ingestion.friction | Calculating Geopolitical Friction Index...
2026-05-26 21:10:36,081 | WARNING | omninexus.ingestion.friction | Feed parse issue: Reuters World News — <urlopen error [Errno 11001] getaddrinfo failed>
2026-05-26 21:10:37,998 | INFO | omninexus.ingestion.friction | BBC World News: 10 friction articles found
2026-05-26 21:10:39,667 | INFO | omninexus.ingestion.friction | Al Jazeera: 11 friction articles found
2026-05-26 21:10:39,698 | WARNING | omninexus.ingestion.friction | Feed parse issue: Reuters Business — <urlopen error [Errno 11001] getaddrinfo failed>
2026-05-26 21:10:42,766 | INFO | omninexus.ingestion.friction | Financial Times: 6 friction articles found
2026-05-26 21:10:44,296 | INFO | omninexus.ingestion.friction | Bloomberg Markets: 9 friction articles found
2026-05-26 21:10:44,297 | INFO | omninexus.ingestion.friction | Friction Score: 100/100 | Level: CRITICAL | Articles: 36 | Alert: True
2026-05-26 21:10:44,297 | INFO | omninexus.signals.gold | Friction Score: 100/100 — CRITICAL
2026-05-26 21:10:44,297 | INFO | omninexus.ingestion.darkpool | Scanning dark pools for institutional signals...
2026-05-26 21:10:50,566 | WARNING | omninexus.ingestion.darkpool | FINRA GLD: Symbol not found in response. Status: 404
2026-05-26 21:10:50,568 | WARNING | omninexus.ingestion.darkpool | GLD: Using simulated volume (FINRA API unavailable)
2026-05-26 21:10:50,585 | INFO | omninexus.ingestion.darkpool | GLD: Volume=14,494,114 | Mean=14,955,806 | Z-Score=-0.27
2026-05-26 21:10:50,587 | INFO | omninexus.ingestion.darkpool | Dark pool baseline saved
2026-05-26 21:11:02,561 | WARNING | omninexus.ingestion.darkpool | FINRA IAU: Symbol not found in response. Status: 404
2026-05-26 21:11:02,562 | WARNING | omninexus.ingestion.darkpool | IAU: Using simulated volume (FINRA API unavailable)
2026-05-26 21:11:02,573 | INFO | omninexus.ingestion.darkpool | IAU: Volume=7,579,144 | Mean=7,691,743 | Z-Score=-0.13
2026-05-26 21:11:02,575 | INFO | omninexus.ingestion.darkpool | Dark pool baseline saved
2026-05-26 21:11:03,819 | WARNING | omninexus.ingestion.darkpool | FINRA FXB: Symbol not found in response. Status: 404
2026-05-26 21:11:03,820 | WARNING | omninexus.ingestion.darkpool | FXB: Using simulated volume (FINRA API unavailable)
2026-05-26 21:11:03,830 | INFO | omninexus.ingestion.darkpool | FXB: Volume=536,426 | Mean=505,068 | Z-Score=0.50
2026-05-26 21:11:03,831 | INFO | omninexus.ingestion.darkpool | Dark pool baseline saved
2026-05-26 21:11:06,122 | WARNING | omninexus.ingestion.darkpool | FINRA GDX: Symbol not found in response. Status: 404
2026-05-26 21:11:06,123 | WARNING | omninexus.ingestion.darkpool | GDX: Using simulated volume (FINRA API unavailable)
2026-05-26 21:11:06,132 | INFO | omninexus.ingestion.darkpool | GDX: Volume=12,261,779 | Mean=12,224,496 | Z-Score=0.03
2026-05-26 21:11:06,135 | INFO | omninexus.ingestion.darkpool | Dark pool baseline saved
2026-05-26 21:11:06,136 | INFO | omninexus.ingestion.darkpool | Dark pool scan complete. Anomalies: 0 | Gold Signal: False | GBP Signal: False
2026-05-26 21:11:06,136 | INFO | omninexus.signals.gold | Dark Pool: 0 anomalies | Gold signal: False
2026-05-26 21:11:06,137 | INFO | omninexus.signals.gold | Gold Aggregation complete: Bias=48.1/100 (NEUTRAL) | Confluence=33.3% | Time=38.7s
2026-05-26 21:11:06,180 | INFO | omninexus.signals.gbp | Running GBP Signal Aggregation...
2026-05-26 21:11:06,180 | INFO | omninexus.signals.gbp | Fetching BoE/BoJ yield spread...
2026-05-26 21:11:09,185 | INFO | omninexus.signals.gbp | BoE: 4.821% | BoJ: 2.515% | Spread: 2.306% | Bias: BULLISH
2026-05-26 21:11:09,185 | INFO | omninexus.signals.gbp | Session: NEW YORK SESSION | Volatility: HIGH | Stop-Hunt Risk: MODERATE
2026-05-26 21:11:09,186 | INFO | omninexus.ingestion.darkpool | Scanning dark pools for institutional signals...
2026-05-26 21:11:13,743 | WARNING | omninexus.ingestion.darkpool | FINRA GLD: Symbol not found in response. Status: 404
2026-05-26 21:11:13,745 | WARNING | omninexus.ingestion.darkpool | GLD: Using simulated volume (FINRA API unavailable)
2026-05-26 21:11:13,754 | INFO | omninexus.ingestion.darkpool | GLD: Volume=12,457,749 | Mean=14,941,378 | Z-Score=-1.47
2026-05-26 21:11:13,757 | INFO | omninexus.ingestion.darkpool | Dark pool baseline saved
2026-05-26 21:11:15,016 | WARNING | omninexus.ingestion.darkpool | FINRA IAU: Symbol not found in response. Status: 404
2026-05-26 21:11:15,018 | WARNING | omninexus.ingestion.darkpool | IAU: Using simulated volume (FINRA API unavailable)
2026-05-26 21:11:15,027 | INFO | omninexus.ingestion.darkpool | IAU: Volume=9,279,476 | Mean=7,688,225 | Z-Score=1.90
2026-05-26 21:11:15,030 | INFO | omninexus.ingestion.darkpool | Dark pool baseline saved
2026-05-26 21:11:16,201 | WARNING | omninexus.ingestion.darkpool | FINRA FXB: Symbol not found in response. Status: 404
2026-05-26 21:11:16,203 | WARNING | omninexus.ingestion.darkpool | FXB: Using simulated volume (FINRA API unavailable)
2026-05-26 21:11:16,212 | INFO | omninexus.ingestion.darkpool | FXB: Volume=597,952 | Mean=506,048 | Z-Score=1.49
2026-05-26 21:11:16,215 | INFO | omninexus.ingestion.darkpool | Dark pool baseline saved
2026-05-26 21:11:17,448 | WARNING | omninexus.ingestion.darkpool | FINRA GDX: Symbol not found in response. Status: 404
2026-05-26 21:11:17,449 | WARNING | omninexus.ingestion.darkpool | GDX: Using simulated volume (FINRA API unavailable)
2026-05-26 21:11:17,458 | INFO | omninexus.ingestion.darkpool | GDX: Volume=13,967,672 | Mean=12,225,661 | Z-Score=1.22
2026-05-26 21:11:17,461 | INFO | omninexus.ingestion.darkpool | Dark pool baseline saved
2026-05-26 21:11:17,461 | INFO | omninexus.ingestion.darkpool | Dark pool scan complete. Anomalies: 0 | Gold Signal: False | GBP Signal: False
2026-05-26 21:11:17,461 | INFO | omninexus.signals.gbp | GBP Aggregation complete: Bias=58.5/100 (BULLISH) | Session=NEW YORK SESSION | Time=11.3s
2026-05-26 21:11:22,199 | INFO | omninexus.brain.autoencoder | Autoencoder weights loaded: logs/autoencoder/weights.json
2026-05-26 21:11:22,200 | INFO | omninexus.brain.autoencoder | Loaded existing autoencoder weights
2026-05-26 21:11:22,290 | INFO | omninexus.brain.autoencoder | Regime stable: error=0.007010 | STABLE
2026-05-26 21:11:22,362 | INFO | omninexus.brain.cfr_agent | CFR Agent initialized: mode=slow | threshold=0.700 | kelly_mult=1.0
2026-05-26 21:11:22,362 | INFO | omninexus.brain.cfr_agent | CFR [SLOW]: score=0.833 | allowed=True | direction=LONG | kelly_adj=0.833
2026-05-26 21:11:22,433 | INFO | omninexus.brain.meta_agent | Meta-Agent state loaded: brain=fast
2026-05-26 21:11:22,434 | INFO | omninexus.brain.cfr_agent | CFR Agent initialized: mode=slow | threshold=0.700 | kelly_mult=1.0
2026-05-26 21:11:22,434 | INFO | omninexus.brain.cfr_agent | CFR Agent initialized: mode=fast | threshold=0.595 | kelly_mult=0.6
2026-05-26 21:11:22,434 | INFO | omninexus.brain.meta_agent | Meta-Agent initialized. Current brain: fast
2026-05-26 21:11:22,714 | INFO | omninexus.brain.meta_agent | Meta-Agent: brain=slow | triggers=[] | switched=True
2026-05-26 21:11:22,782 | INFO | omninexus.brain.regime_transfer | Fingerprint library: 5 regimes
2026-05-26 21:11:22,783 | INFO | omninexus.brain.regime_transfer | Regime match: Normal Trending Market (sim=0.7257) | Policy: LONG XAUUSD
2026-05-26 21:11:22,950 | INFO | omninexus.memory.fingerprint | Loaded 2 fingerprints from memory
2026-05-26 21:11:23,000 | INFO | omninexus.memory.half_life | Half-life data loaded: 6 signals tracked
2026-05-26 21:11:23,254 | INFO | omninexus.execution.kelly_cfr | Sizing position for XAUUSD | Balance: $1,000.00 | Bias: 75.0/100
2026-05-26 21:11:23,255 | INFO | omninexus.execution.kelly_cfr | CFR Regret Score: 0.713 | Allowed: True | Boost: 0.312 | Penalty: 0.000
2026-05-26 21:11:23,255 | INFO | omninexus.execution.kelly_cfr | Position sized: 3.00% = $30.00 = 0.01 lots | Win prob: 64.0% | Kelly: 0.2300 | CFR: 0.713
2026-05-26 21:11:23,256 | INFO | omninexus.execution.entry | XAUUSD BUY LIMIT: Entry=2386.46250 | SL=2385.71250 (75p) | TP=2387.96250 (150p) | RR=1:2.0
2026-05-26 21:11:23,314 | INFO | omninexus.functions.azure_function | Azure Function triggered: status | Run #1
2026-05-26 21:11:23,341 | INFO | omninexus.functions.deployment | Running OmniNexus deployment check...
2026-05-26 21:11:34,639 | ERROR | omninexus.graph.cosmos | gremlinpython not installed. Run: pip install gremlinpython
2026-05-26 21:11:34,639 | INFO | omninexus.functions.deployment | Deployment check: 4/5 healthy | Deployed: True
2026-05-26 21:11:34,734 | INFO | omninexus.functions.ci_cd | CI/CD stage: lint
2026-05-26 21:11:34,735 | INFO | omninexus.functions.ci_cd | Running lint checks...
2026-05-26 21:11:34,736 | ERROR | omninexus.functions.ci_cd | Missing files: ['telegram/bot.py']
2026-05-26 21:11:34,737 | INFO | omninexus.functions.ci_cd | Stage lint: FAILED | 0.00s
2026-05-26 21:11:34,738 | INFO | omninexus.signals.gold | Running Gold Signal Aggregation...
2026-05-26 21:11:34,738 | INFO | omninexus.ingestion.fred_yield | Calculating Real Yield for XAUUSD signal...
2026-05-26 21:11:35,949 | INFO | omninexus.ingestion.fred_yield | FRED GS10: fetched 5 observations
2026-05-26 21:11:37,247 | INFO | omninexus.ingestion.fred_yield | FRED DFII10: fetched 5 observations
2026-05-26 21:11:38,412 | INFO | omninexus.ingestion.fred_yield | FRED T10YIE: fetched 5 observations
2026-05-26 21:11:40,850 | INFO | omninexus.ingestion.fred_yield | FRED DFII10: fetched 5 observations
2026-05-26 21:11:40,852 | INFO | omninexus.ingestion.fred_yield | Real Yield: 2.180% | Gold Bias: STRONG BEARISH | Breakout: False
2026-05-26 21:11:40,852 | INFO | omninexus.signals.gold | Real Yield: 2.180% — STRONG BEARISH
2026-05-26 21:11:40,852 | INFO | omninexus.ingestion.friction | Calculating Geopolitical Friction Index...
2026-05-26 21:11:41,113 | WARNING | omninexus.ingestion.friction | Feed parse issue: Reuters World News — <urlopen error [Errno 11001] getaddrinfo failed>
2026-05-26 21:11:48,932 | INFO | omninexus.ingestion.friction | BBC World News: 10 friction articles found
2026-05-26 21:11:50,569 | INFO | omninexus.ingestion.friction | Al Jazeera: 11 friction articles found
2026-05-26 21:11:50,604 | WARNING | omninexus.ingestion.friction | Feed parse issue: Reuters Business — <urlopen error [Errno 11001] getaddrinfo failed>
2026-05-26 21:11:59,283 | INFO | omninexus.ingestion.friction | Financial Times: 6 friction articles found
2026-05-26 21:12:00,354 | INFO | omninexus.ingestion.friction | Bloomberg Markets: 9 friction articles found
2026-05-26 21:12:00,354 | INFO | omninexus.ingestion.friction | Friction Score: 100/100 | Level: CRITICAL | Articles: 36 | Alert: True
2026-05-26 21:12:00,355 | INFO | omninexus.signals.gold | Friction Score: 100/100 — CRITICAL
2026-05-26 21:12:00,355 | INFO | omninexus.ingestion.darkpool | Scanning dark pools for institutional signals...
2026-05-26 21:12:01,587 | WARNING | omninexus.ingestion.darkpool | FINRA GLD: Symbol not found in response. Status: 404
2026-05-26 21:12:01,588 | WARNING | omninexus.ingestion.darkpool | GLD: Using simulated volume (FINRA API unavailable)
2026-05-26 21:12:01,602 | INFO | omninexus.ingestion.darkpool | GLD: Volume=13,951,106 | Mean=14,866,116 | Z-Score=-0.53
2026-05-26 21:12:01,603 | INFO | omninexus.ingestion.darkpool | Dark pool baseline saved
2026-05-26 21:12:37,667 | WARNING | omninexus.ingestion.darkpool | FINRA IAU: Symbol not found in response. Status: 404
2026-05-26 21:12:37,669 | WARNING | omninexus.ingestion.darkpool | IAU: Using simulated volume (FINRA API unavailable)
2026-05-26 21:12:37,682 | INFO | omninexus.ingestion.darkpool | IAU: Volume=9,582,738 | Mean=7,736,444 | Z-Score=2.12
2026-05-26 21:12:37,684 | INFO | omninexus.ingestion.darkpool | Dark pool baseline saved
2026-05-26 21:12:38,955 | WARNING | omninexus.ingestion.darkpool | FINRA FXB: Symbol not found in response. Status: 404
2026-05-26 21:12:38,974 | WARNING | omninexus.ingestion.darkpool | FXB: Using simulated volume (FINRA API unavailable)
2026-05-26 21:12:38,998 | INFO | omninexus.ingestion.darkpool | FXB: Volume=419,712 | Mean=508,833 | Z-Score=-1.42
2026-05-26 21:12:39,022 | INFO | omninexus.ingestion.darkpool | Dark pool baseline saved
2026-05-26 21:12:40,508 | WARNING | omninexus.ingestion.darkpool | FINRA GDX: Symbol not found in response. Status: 404
2026-05-26 21:12:40,510 | WARNING | omninexus.ingestion.darkpool | GDX: Using simulated volume (FINRA API unavailable)
2026-05-26 21:12:40,523 | INFO | omninexus.ingestion.darkpool | GDX: Volume=13,656,850 | Mean=12,278,449 | Z-Score=0.96
2026-05-26 21:12:40,526 | INFO | omninexus.ingestion.darkpool | Dark pool baseline saved
2026-05-26 21:12:40,527 | INFO | omninexus.ingestion.darkpool | Dark pool scan complete. Anomalies: 1 | Gold Signal: True | GBP Signal: False
2026-05-26 21:12:40,527 | INFO | omninexus.signals.gold | Dark Pool: 1 anomalies | Gold signal: True
2026-05-26 21:12:40,528 | INFO | omninexus.signals.gold | Gold Aggregation complete: Bias=54.7/100 (NEUTRAL) | Confluence=66.7% | Time=65.8s
2026-05-26 21:12:40,529 | INFO | omninexus.signals.gbp | Running GBP Signal Aggregation...
2026-05-26 21:12:40,530 | INFO | omninexus.signals.gbp | Fetching BoE/BoJ yield spread...
2026-05-26 21:12:50,038 | INFO | omninexus.signals.gbp | BoE: 4.821% | BoJ: 2.515% | Spread: 2.306% | Bias: BULLISH
2026-05-26 21:12:50,038 | INFO | omninexus.signals.gbp | Session: NEW YORK SESSION | Volatility: HIGH | Stop-Hunt Risk: MODERATE
2026-05-26 21:12:50,038 | INFO | omninexus.ingestion.darkpool | Scanning dark pools for institutional signals...
2026-05-26 21:12:51,240 | WARNING | omninexus.ingestion.darkpool | FINRA GLD: Symbol not found in response. Status: 404
2026-05-26 21:12:51,241 | WARNING | omninexus.ingestion.darkpool | GLD: Using simulated volume (FINRA API unavailable)
2026-05-26 21:12:51,250 | INFO | omninexus.ingestion.darkpool | GLD: Volume=13,936,177 | Mean=14,839,204 | Z-Score=-0.53
2026-05-26 21:12:51,252 | INFO | omninexus.ingestion.darkpool | Dark pool baseline saved
2026-05-26 21:12:57,953 | WARNING | omninexus.ingestion.darkpool | FINRA IAU: Symbol not found in response. Status: 404
2026-05-26 21:12:57,955 | WARNING | omninexus.ingestion.darkpool | IAU: Using simulated volume (FINRA API unavailable)
2026-05-26 21:12:57,966 | INFO | omninexus.ingestion.darkpool | IAU: Volume=6,584,306 | Mean=7,790,747 | Z-Score=-1.32
2026-05-26 21:12:57,968 | INFO | omninexus.ingestion.darkpool | Dark pool baseline saved
2026-05-26 21:12:59,147 | WARNING | omninexus.ingestion.darkpool | FINRA FXB: Symbol not found in response. Status: 404
2026-05-26 21:12:59,148 | WARNING | omninexus.ingestion.darkpool | FXB: Using simulated volume (FINRA API unavailable)
2026-05-26 21:12:59,157 | INFO | omninexus.ingestion.darkpool | FXB: Volume=432,970 | Mean=506,212 | Z-Score=-1.15
2026-05-26 21:12:59,159 | INFO | omninexus.ingestion.darkpool | Dark pool baseline saved
2026-05-26 21:13:01,400 | WARNING | omninexus.ingestion.darkpool | FINRA GDX: Symbol not found in response. Status: 404
2026-05-26 21:13:01,402 | WARNING | omninexus.ingestion.darkpool | GDX: Using simulated volume (FINRA API unavailable)
2026-05-26 21:13:01,411 | INFO | omninexus.ingestion.darkpool | GDX: Volume=12,301,733 | Mean=12,318,990 | Z-Score=-0.01
2026-05-26 21:13:01,413 | INFO | omninexus.ingestion.darkpool | Dark pool baseline saved
2026-05-26 21:13:01,413 | INFO | omninexus.ingestion.darkpool | Dark pool scan complete. Anomalies: 0 | Gold Signal: False | GBP Signal: False
2026-05-26 21:13:01,413 | INFO | omninexus.signals.gbp | GBP Aggregation complete: Bias=58.5/100 (BULLISH) | Session=NEW YORK SESSION | Time=20.9s
2026-05-26 21:13:01,460 | INFO | omninexus.brain.autoencoder | Autoencoder weights loaded: logs/autoencoder/weights.json
2026-05-26 21:13:01,461 | INFO | omninexus.brain.autoencoder | Loaded existing autoencoder weights
2026-05-26 21:13:01,462 | INFO | omninexus.brain.autoencoder | Regime stable: error=0.078584 | STABLE
2026-05-26 21:13:01,478 | INFO | omninexus.brain.meta_agent | Meta-Agent state loaded: brain=slow
2026-05-26 21:13:01,478 | INFO | omninexus.brain.cfr_agent | CFR Agent initialized: mode=slow | threshold=0.700 | kelly_mult=1.0
2026-05-26 21:13:01,479 | INFO | omninexus.brain.cfr_agent | CFR Agent initialized: mode=fast | threshold=0.595 | kelly_mult=0.6
2026-05-26 21:13:01,479 | INFO | omninexus.brain.meta_agent | Meta-Agent initialized. Current brain: slow
2026-05-26 21:13:01,482 | INFO | omninexus.brain.meta_agent | Meta-Agent: brain=fast | triggers=['FRICTION', 'DARK_POOL'] | switched=True
2026-05-26 21:13:01,482 | INFO | omninexus.brain.cfr_agent | CFR [FAST]: score=0.217 | allowed=False | direction=NEUTRAL | kelly_adj=0.130
2026-05-26 21:13:01,483 | INFO | omninexus.brain.regime_transfer | Fingerprint library: 5 regimes
2026-05-26 21:13:01,483 | INFO | omninexus.brain.regime_transfer | Regime match: Fed Emergency Hike 75bps (sim=0.7138) | Policy: SHORT XAUUSD
2026-05-26 21:13:01,484 | INFO | omninexus.execution.kelly_cfr | Sizing position for XAUUSD | Balance: $1,000.00 | Bias: 54.7/100
2026-05-26 21:13:01,484 | INFO | omninexus.execution.kelly_cfr | CFR Regret Score: 0.445 | Allowed: False | Boost: 0.195 | Penalty: 0.150
2026-05-26 21:13:01,485 | WARNING | omninexus.execution.kelly_cfr | CFR BLOCKED: Regret score 0.445 below threshold 0.7
2026-05-26 21:13:01,485 | INFO | omninexus.execution.entry | XAUUSD BUY LIMIT: Entry=2386.37115 | SL=2385.62115 (75p) | TP=2387.87115 (150p) | RR=1:2.0
2026-05-26 21:13:01,539 | INFO | omninexus.memory.fingerprint | Loaded 2 fingerprints from memory
2026-05-26 21:13:01,647 | INFO | omninexus.memory.half_life | Half-life data loaded: 6 signals tracked
2026-05-26 21:13:01,901 | INFO | omninexus.functions.deployment | Running OmniNexus deployment check...
2026-05-26 21:13:06,124 | ERROR | omninexus.graph.cosmos | gremlinpython not installed. Run: pip install gremlinpython
2026-05-26 21:13:06,125 | INFO | omninexus.functions.deployment | Deployment check: 4/5 healthy | Deployed: True
2026-05-26 21:34:34,537 | INFO | omninexus.config | Loading OmniNexus configuration...
2026-05-26 21:34:52,876 | WARNING | omninexus.config | Key Vault unavailable for TELEGRAM-BOT-TOKEN. Falling back to .env. Reason: DefaultAzureCredential failed to retrieve a token from the included credentials.
Attempted credentials:
	EnvironmentCredential: EnvironmentCredential authentication unavailable. Environment variables are not fully configured.
Visit https://aka.ms/azsdk/python/identity/environmentcredential/troubleshoot to troubleshoot this issue.
	WorkloadIdentityCredential: WorkloadIdentityCredential authentication unavailable. The workload options are not fully configured. See the troubleshooting guide for more information: https://aka.ms/azsdk/python/identity/workloadidentitycredential/troubleshoot. Missing required arguments: 'tenant_id', 'client_id', 'token_file_path'.
	ManagedIdentityCredential: ManagedIdentityCredential authentication unavailable, no response from the IMDS endpoint.
	SharedTokenCacheCredential: SharedTokenCacheCredential authentication unavailable. No accounts were found in the cache.
	VisualStudioCodeCredential: VisualStudioCodeCredential requires the 'azure-identity-broker' package to be installed. You must also ensure you have the Azure Resources extension installed and have signed in to Azure via Visual Studio Code.
	AzureCliCredential: Azure CLI not found on path
	AzurePowerShellCredential: Az.Account module >= 2.2.0 is not installed
	AzureDeveloperCliCredential: Azure Developer CLI could not be found. Please visit https://aka.ms/azure-dev for installation instructions and then,once installed, authenticate to your Azure account using 'azd auth login'.
	BrokerCredential: InteractiveBrowserBrokerCredential unavailable. The 'azure-identity-broker' package is required to use brokered authentication.
To mitigate this issue, please refer to the troubleshooting guidelines here at https://aka.ms/azsdk/python/identity/defaultazurecredential/troubleshoot.
2026-05-26 21:34:52,877 | INFO | omninexus.config | Secret loaded from .env: TELEGRAM_BOT_TOKEN
2026-05-26 21:34:54,374 | WARNING | omninexus.config | Key Vault unavailable for TELEGRAM-CHAT-ID. Falling back to .env. Reason: DefaultAzureCredential failed to retrieve a token from the included credentials.
Attempted credentials:
	EnvironmentCredential: EnvironmentCredential authentication unavailable. Environment variables are not fully configured.
Visit https://aka.ms/azsdk/python/identity/environmentcredential/troubleshoot to troubleshoot this issue.
	WorkloadIdentityCredential: WorkloadIdentityCredential authentication unavailable. The workload options are not fully configured. See the troubleshooting guide for more information: https://aka.ms/azsdk/python/identity/workloadidentitycredential/troubleshoot. Missing required arguments: 'tenant_id', 'client_id', 'token_file_path'.
	ManagedIdentityCredential: ManagedIdentityCredential authentication unavailable, no response from the IMDS endpoint.
	SharedTokenCacheCredential: SharedTokenCacheCredential authentication unavailable. No accounts were found in the cache.
	VisualStudioCodeCredential: VisualStudioCodeCredential requires the 'azure-identity-broker' package to be installed. You must also ensure you have the Azure Resources extension installed and have signed in to Azure via Visual Studio Code.
	AzureCliCredential: Azure CLI not found on path
	AzurePowerShellCredential: Az.Account module >= 2.2.0 is not installed
	AzureDeveloperCliCredential: Azure Developer CLI could not be found. Please visit https://aka.ms/azure-dev for installation instructions and then,once installed, authenticate to your Azure account using 'azd auth login'.
	BrokerCredential: InteractiveBrowserBrokerCredential unavailable. The 'azure-identity-broker' package is required to use brokered authentication.
To mitigate this issue, please refer to the troubleshooting guidelines here at https://aka.ms/azsdk/python/identity/defaultazurecredential/troubleshoot.
2026-05-26 21:34:54,374 | INFO | omninexus.config | Secret loaded from .env: TELEGRAM_CHAT_ID
2026-05-26 21:34:55,873 | WARNING | omninexus.config | Key Vault unavailable for FRED-API-KEY. Falling back to .env. Reason: DefaultAzureCredential failed to retrieve a token from the included credentials.
Attempted credentials:
	EnvironmentCredential: EnvironmentCredential authentication unavailable. Environment variables are not fully configured.
Visit https://aka.ms/azsdk/python/identity/environmentcredential/troubleshoot to troubleshoot this issue.
	WorkloadIdentityCredential: WorkloadIdentityCredential authentication unavailable. The workload options are not fully configured. See the troubleshooting guide for more information: https://aka.ms/azsdk/python/identity/workloadidentitycredential/troubleshoot. Missing required arguments: 'tenant_id', 'client_id', 'token_file_path'.
	ManagedIdentityCredential: ManagedIdentityCredential authentication unavailable, no response from the IMDS endpoint.
	SharedTokenCacheCredential: SharedTokenCacheCredential authentication unavailable. No accounts were found in the cache.
	VisualStudioCodeCredential: VisualStudioCodeCredential requires the 'azure-identity-broker' package to be installed. You must also ensure you have the Azure Resources extension installed and have signed in to Azure via Visual Studio Code.
	AzureCliCredential: Azure CLI not found on path
	AzurePowerShellCredential: Az.Account module >= 2.2.0 is not installed
	AzureDeveloperCliCredential: Azure Developer CLI could not be found. Please visit https://aka.ms/azure-dev for installation instructions and then,once installed, authenticate to your Azure account using 'azd auth login'.
	BrokerCredential: InteractiveBrowserBrokerCredential unavailable. The 'azure-identity-broker' package is required to use brokered authentication.
To mitigate this issue, please refer to the troubleshooting guidelines here at https://aka.ms/azsdk/python/identity/defaultazurecredential/troubleshoot.
2026-05-26 21:34:55,873 | INFO | omninexus.config | Secret loaded from .env: FRED_API_KEY
2026-05-26 21:34:57,303 | WARNING | omninexus.config | Key Vault unavailable for GITHUB-API-TOKEN. Falling back to .env. Reason: DefaultAzureCredential failed to retrieve a token from the included credentials.
Attempted credentials:
	EnvironmentCredential: EnvironmentCredential authentication unavailable. Environment variables are not fully configured.
Visit https://aka.ms/azsdk/python/identity/environmentcredential/troubleshoot to troubleshoot this issue.
	WorkloadIdentityCredential: WorkloadIdentityCredential authentication unavailable. The workload options are not fully configured. See the troubleshooting guide for more information: https://aka.ms/azsdk/python/identity/workloadidentitycredential/troubleshoot. Missing required arguments: 'tenant_id', 'client_id', 'token_file_path'.
	ManagedIdentityCredential: ManagedIdentityCredential authentication unavailable, no response from the IMDS endpoint.
	SharedTokenCacheCredential: SharedTokenCacheCredential authentication unavailable. No accounts were found in the cache.
	VisualStudioCodeCredential: VisualStudioCodeCredential requires the 'azure-identity-broker' package to be installed. You must also ensure you have the Azure Resources extension installed and have signed in to Azure via Visual Studio Code.
	AzureCliCredential: Azure CLI not found on path
	AzurePowerShellCredential: Az.Account module >= 2.2.0 is not installed
	AzureDeveloperCliCredential: Azure Developer CLI could not be found. Please visit https://aka.ms/azure-dev for installation instructions and then,once installed, authenticate to your Azure account using 'azd auth login'.
	BrokerCredential: InteractiveBrowserBrokerCredential unavailable. The 'azure-identity-broker' package is required to use brokered authentication.
To mitigate this issue, please refer to the troubleshooting guidelines here at https://aka.ms/azsdk/python/identity/defaultazurecredential/troubleshoot.
2026-05-26 21:34:57,303 | INFO | omninexus.config | Secret loaded from .env: GITHUB_API_TOKEN
2026-05-26 21:34:58,702 | WARNING | omninexus.config | Key Vault unavailable for NASA-EARTHDATA-TOKEN. Falling back to .env. Reason: DefaultAzureCredential failed to retrieve a token from the included credentials.
Attempted credentials:
	EnvironmentCredential: EnvironmentCredential authentication unavailable. Environment variables are not fully configured.
Visit https://aka.ms/azsdk/python/identity/environmentcredential/troubleshoot to troubleshoot this issue.
	WorkloadIdentityCredential: WorkloadIdentityCredential authentication unavailable. The workload options are not fully configured. See the troubleshooting guide for more information: https://aka.ms/azsdk/python/identity/workloadidentitycredential/troubleshoot. Missing required arguments: 'tenant_id', 'client_id', 'token_file_path'.
	ManagedIdentityCredential: ManagedIdentityCredential authentication unavailable, no response from the IMDS endpoint.
	SharedTokenCacheCredential: SharedTokenCacheCredential authentication unavailable. No accounts were found in the cache.
	VisualStudioCodeCredential: VisualStudioCodeCredential requires the 'azure-identity-broker' package to be installed. You must also ensure you have the Azure Resources extension installed and have signed in to Azure via Visual Studio Code.
	AzureCliCredential: Azure CLI not found on path
	AzurePowerShellCredential: Az.Account module >= 2.2.0 is not installed
	AzureDeveloperCliCredential: Azure Developer CLI could not be found. Please visit https://aka.ms/azure-dev for installation instructions and then,once installed, authenticate to your Azure account using 'azd auth login'.
	BrokerCredential: InteractiveBrowserBrokerCredential unavailable. The 'azure-identity-broker' package is required to use brokered authentication.
To mitigate this issue, please refer to the troubleshooting guidelines here at https://aka.ms/azsdk/python/identity/defaultazurecredential/troubleshoot.
2026-05-26 21:34:58,703 | INFO | omninexus.config | Secret loaded from .env: NASA_EARTHDATA_TOKEN
2026-05-26 21:35:00,125 | WARNING | omninexus.config | Key Vault unavailable for COPERNICUS-CLIENT-ID. Falling back to .env. Reason: DefaultAzureCredential failed to retrieve a token from the included credentials.
Attempted credentials:
	EnvironmentCredential: EnvironmentCredential authentication unavailable. Environment variables are not fully configured.
Visit https://aka.ms/azsdk/python/identity/environmentcredential/troubleshoot to troubleshoot this issue.
	WorkloadIdentityCredential: WorkloadIdentityCredential authentication unavailable. The workload options are not fully configured. See the troubleshooting guide for more information: https://aka.ms/azsdk/python/identity/workloadidentitycredential/troubleshoot. Missing required arguments: 'tenant_id', 'client_id', 'token_file_path'.
	ManagedIdentityCredential: ManagedIdentityCredential authentication unavailable, no response from the IMDS endpoint.
	SharedTokenCacheCredential: SharedTokenCacheCredential authentication unavailable. No accounts were found in the cache.
	VisualStudioCodeCredential: VisualStudioCodeCredential requires the 'azure-identity-broker' package to be installed. You must also ensure you have the Azure Resources extension installed and have signed in to Azure via Visual Studio Code.
	AzureCliCredential: Azure CLI not found on path
	AzurePowerShellCredential: Az.Account module >= 2.2.0 is not installed
	AzureDeveloperCliCredential: Azure Developer CLI could not be found. Please visit https://aka.ms/azure-dev for installation instructions and then,once installed, authenticate to your Azure account using 'azd auth login'.
	BrokerCredential: InteractiveBrowserBrokerCredential unavailable. The 'azure-identity-broker' package is required to use brokered authentication.
To mitigate this issue, please refer to the troubleshooting guidelines here at https://aka.ms/azsdk/python/identity/defaultazurecredential/troubleshoot.
2026-05-26 21:35:00,125 | INFO | omninexus.config | Secret loaded from .env: COPERNICUS_CLIENT_ID
2026-05-26 21:35:01,557 | WARNING | omninexus.config | Key Vault unavailable for COPERNICUS-CLIENT-SECRET. Falling back to .env. Reason: DefaultAzureCredential failed to retrieve a token from the included credentials.
Attempted credentials:
	EnvironmentCredential: EnvironmentCredential authentication unavailable. Environment variables are not fully configured.
Visit https://aka.ms/azsdk/python/identity/environmentcredential/troubleshoot to troubleshoot this issue.
	WorkloadIdentityCredential: WorkloadIdentityCredential authentication unavailable. The workload options are not fully configured. See the troubleshooting guide for more information: https://aka.ms/azsdk/python/identity/workloadidentitycredential/troubleshoot. Missing required arguments: 'tenant_id', 'client_id', 'token_file_path'.
	ManagedIdentityCredential: ManagedIdentityCredential authentication unavailable, no response from the IMDS endpoint.
	SharedTokenCacheCredential: SharedTokenCacheCredential authentication unavailable. No accounts were found in the cache.
	VisualStudioCodeCredential: VisualStudioCodeCredential requires the 'azure-identity-broker' package to be installed. You must also ensure you have the Azure Resources extension installed and have signed in to Azure via Visual Studio Code.
	AzureCliCredential: Azure CLI not found on path
	AzurePowerShellCredential: Az.Account module >= 2.2.0 is not installed
	AzureDeveloperCliCredential: Azure Developer CLI could not be found. Please visit https://aka.ms/azure-dev for installation instructions and then,once installed, authenticate to your Azure account using 'azd auth login'.
	BrokerCredential: InteractiveBrowserBrokerCredential unavailable. The 'azure-identity-broker' package is required to use brokered authentication.
To mitigate this issue, please refer to the troubleshooting guidelines here at https://aka.ms/azsdk/python/identity/defaultazurecredential/troubleshoot.
2026-05-26 21:35:01,558 | INFO | omninexus.config | Secret loaded from .env: COPERNICUS_CLIENT_SECRET
2026-05-26 21:35:02,999 | WARNING | omninexus.config | Key Vault unavailable for DERIV-API-TOKEN. Falling back to .env. Reason: DefaultAzureCredential failed to retrieve a token from the included credentials.
Attempted credentials:
	EnvironmentCredential: EnvironmentCredential authentication unavailable. Environment variables are not fully configured.
Visit https://aka.ms/azsdk/python/identity/environmentcredential/troubleshoot to troubleshoot this issue.
	WorkloadIdentityCredential: WorkloadIdentityCredential authentication unavailable. The workload options are not fully configured. See the troubleshooting guide for more information: https://aka.ms/azsdk/python/identity/workloadidentitycredential/troubleshoot. Missing required arguments: 'tenant_id', 'client_id', 'token_file_path'.
	ManagedIdentityCredential: ManagedIdentityCredential authentication unavailable, no response from the IMDS endpoint.
	SharedTokenCacheCredential: SharedTokenCacheCredential authentication unavailable. No accounts were found in the cache.
	VisualStudioCodeCredential: VisualStudioCodeCredential requires the 'azure-identity-broker' package to be installed. You must also ensure you have the Azure Resources extension installed and have signed in to Azure via Visual Studio Code.
	AzureCliCredential: Azure CLI not found on path
	AzurePowerShellCredential: Az.Account module >= 2.2.0 is not installed
	AzureDeveloperCliCredential: Azure Developer CLI could not be found. Please visit https://aka.ms/azure-dev for installation instructions and then,once installed, authenticate to your Azure account using 'azd auth login'.
	BrokerCredential: InteractiveBrowserBrokerCredential unavailable. The 'azure-identity-broker' package is required to use brokered authentication.
To mitigate this issue, please refer to the troubleshooting guidelines here at https://aka.ms/azsdk/python/identity/defaultazurecredential/troubleshoot.
2026-05-26 21:35:02,999 | INFO | omninexus.config | Secret loaded from .env: DERIV_API_TOKEN
2026-05-26 21:35:04,380 | WARNING | omninexus.config | Key Vault unavailable for COSMOS-ENDPOINT. Falling back to .env. Reason: DefaultAzureCredential failed to retrieve a token from the included credentials.
Attempted credentials:
	EnvironmentCredential: EnvironmentCredential authentication unavailable. Environment variables are not fully configured.
Visit https://aka.ms/azsdk/python/identity/environmentcredential/troubleshoot to troubleshoot this issue.
	WorkloadIdentityCredential: WorkloadIdentityCredential authentication unavailable. The workload options are not fully configured. See the troubleshooting guide for more information: https://aka.ms/azsdk/python/identity/workloadidentitycredential/troubleshoot. Missing required arguments: 'tenant_id', 'client_id', 'token_file_path'.
	ManagedIdentityCredential: ManagedIdentityCredential authentication unavailable, no response from the IMDS endpoint.
	SharedTokenCacheCredential: SharedTokenCacheCredential authentication unavailable. No accounts were found in the cache.
	VisualStudioCodeCredential: VisualStudioCodeCredential requires the 'azure-identity-broker' package to be installed. You must also ensure you have the Azure Resources extension installed and have signed in to Azure via Visual Studio Code.
	AzureCliCredential: Azure CLI not found on path
	AzurePowerShellCredential: Az.Account module >= 2.2.0 is not installed
	AzureDeveloperCliCredential: Azure Developer CLI could not be found. Please visit https://aka.ms/azure-dev for installation instructions and then,once installed, authenticate to your Azure account using 'azd auth login'.
	BrokerCredential: InteractiveBrowserBrokerCredential unavailable. The 'azure-identity-broker' package is required to use brokered authentication.
To mitigate this issue, please refer to the troubleshooting guidelines here at https://aka.ms/azsdk/python/identity/defaultazurecredential/troubleshoot.
2026-05-26 21:35:04,381 | INFO | omninexus.config | Secret loaded from .env: COSMOS_ENDPOINT
2026-05-26 21:35:05,826 | WARNING | omninexus.config | Key Vault unavailable for COSMOS-KEY. Falling back to .env. Reason: DefaultAzureCredential failed to retrieve a token from the included credentials.
Attempted credentials:
	EnvironmentCredential: EnvironmentCredential authentication unavailable. Environment variables are not fully configured.
Visit https://aka.ms/azsdk/python/identity/environmentcredential/troubleshoot to troubleshoot this issue.
	WorkloadIdentityCredential: WorkloadIdentityCredential authentication unavailable. The workload options are not fully configured. See the troubleshooting guide for more information: https://aka.ms/azsdk/python/identity/workloadidentitycredential/troubleshoot. Missing required arguments: 'tenant_id', 'client_id', 'token_file_path'.
	ManagedIdentityCredential: ManagedIdentityCredential authentication unavailable, no response from the IMDS endpoint.
	SharedTokenCacheCredential: SharedTokenCacheCredential authentication unavailable. No accounts were found in the cache.
	VisualStudioCodeCredential: VisualStudioCodeCredential requires the 'azure-identity-broker' package to be installed. You must also ensure you have the Azure Resources extension installed and have signed in to Azure via Visual Studio Code.
	AzureCliCredential: Azure CLI not found on path
	AzurePowerShellCredential: Az.Account module >= 2.2.0 is not installed
	AzureDeveloperCliCredential: Azure Developer CLI could not be found. Please visit https://aka.ms/azure-dev for installation instructions and then,once installed, authenticate to your Azure account using 'azd auth login'.
	BrokerCredential: InteractiveBrowserBrokerCredential unavailable. The 'azure-identity-broker' package is required to use brokered authentication.
To mitigate this issue, please refer to the troubleshooting guidelines here at https://aka.ms/azsdk/python/identity/defaultazurecredential/troubleshoot.
2026-05-26 21:35:05,827 | INFO | omninexus.config | Secret loaded from .env: COSMOS_KEY
2026-05-26 21:35:07,227 | WARNING | omninexus.config | Key Vault unavailable for COGNITIVE-SERVICES-ENDPOINT. Falling back to .env. Reason: DefaultAzureCredential failed to retrieve a token from the included credentials.
Attempted credentials:
	EnvironmentCredential: EnvironmentCredential authentication unavailable. Environment variables are not fully configured.
Visit https://aka.ms/azsdk/python/identity/environmentcredential/troubleshoot to troubleshoot this issue.
	WorkloadIdentityCredential: WorkloadIdentityCredential authentication unavailable. The workload options are not fully configured. See the troubleshooting guide for more information: https://aka.ms/azsdk/python/identity/workloadidentitycredential/troubleshoot. Missing required arguments: 'tenant_id', 'client_id', 'token_file_path'.
	ManagedIdentityCredential: ManagedIdentityCredential authentication unavailable, no response from the IMDS endpoint.
	SharedTokenCacheCredential: SharedTokenCacheCredential authentication unavailable. No accounts were found in the cache.
	VisualStudioCodeCredential: VisualStudioCodeCredential requires the 'azure-identity-broker' package to be installed. You must also ensure you have the Azure Resources extension installed and have signed in to Azure via Visual Studio Code.
	AzureCliCredential: Azure CLI not found on path
	AzurePowerShellCredential: Az.Account module >= 2.2.0 is not installed
	AzureDeveloperCliCredential: Azure Developer CLI could not be found. Please visit https://aka.ms/azure-dev for installation instructions and then,once installed, authenticate to your Azure account using 'azd auth login'.
	BrokerCredential: InteractiveBrowserBrokerCredential unavailable. The 'azure-identity-broker' package is required to use brokered authentication.
To mitigate this issue, please refer to the troubleshooting guidelines here at https://aka.ms/azsdk/python/identity/defaultazurecredential/troubleshoot.
2026-05-26 21:35:07,227 | INFO | omninexus.config | Secret loaded from .env: COGNITIVE_SERVICES_ENDPOINT
2026-05-26 21:35:08,631 | WARNING | omninexus.config | Key Vault unavailable for COGNITIVE-SERVICES-KEY. Falling back to .env. Reason: DefaultAzureCredential failed to retrieve a token from the included credentials.
Attempted credentials:
	EnvironmentCredential: EnvironmentCredential authentication unavailable. Environment variables are not fully configured.
Visit https://aka.ms/azsdk/python/identity/environmentcredential/troubleshoot to troubleshoot this issue.
	WorkloadIdentityCredential: WorkloadIdentityCredential authentication unavailable. The workload options are not fully configured. See the troubleshooting guide for more information: https://aka.ms/azsdk/python/identity/workloadidentitycredential/troubleshoot. Missing required arguments: 'tenant_id', 'client_id', 'token_file_path'.
	ManagedIdentityCredential: ManagedIdentityCredential authentication unavailable, no response from the IMDS endpoint.
	SharedTokenCacheCredential: SharedTokenCacheCredential authentication unavailable. No accounts were found in the cache.
	VisualStudioCodeCredential: VisualStudioCodeCredential requires the 'azure-identity-broker' package to be installed. You must also ensure you have the Azure Resources extension installed and have signed in to Azure via Visual Studio Code.
	AzureCliCredential: Azure CLI not found on path
	AzurePowerShellCredential: Az.Account module >= 2.2.0 is not installed
	AzureDeveloperCliCredential: Azure Developer CLI could not be found. Please visit https://aka.ms/azure-dev for installation instructions and then,once installed, authenticate to your Azure account using 'azd auth login'.
	BrokerCredential: InteractiveBrowserBrokerCredential unavailable. The 'azure-identity-broker' package is required to use brokered authentication.
To mitigate this issue, please refer to the troubleshooting guidelines here at https://aka.ms/azsdk/python/identity/defaultazurecredential/troubleshoot.
2026-05-26 21:35:08,631 | INFO | omninexus.config | Secret loaded from .env: COGNITIVE_SERVICES_KEY
2026-05-26 21:35:08,631 | INFO | omninexus.config | Configuration loaded successfully.
2026-05-26 21:35:08,631 | INFO | omninexus.config | Instruments: ['XAUUSD', 'GBPUSD', 'GBPJPY']
2026-05-26 21:35:08,653 | INFO | omninexus.config | Max daily loss: 2.0%
2026-05-26 21:35:08,653 | INFO | omninexus.config | Max drawdown: 5.0%
2026-05-26 21:35:08,716 | INFO | omninexus.ingestion.fred_yield | Calculating Real Yield for XAUUSD signal...
2026-05-26 21:35:10,848 | INFO | omninexus.ingestion.fred_yield | FRED GS10: fetched 5 observations
2026-05-26 21:35:11,959 | INFO | omninexus.ingestion.fred_yield | FRED DFII10: fetched 5 observations
2026-05-26 21:35:13,202 | INFO | omninexus.ingestion.fred_yield | FRED T10YIE: fetched 5 observations
2026-05-26 21:35:14,496 | INFO | omninexus.ingestion.fred_yield | FRED DFII10: fetched 5 observations
2026-05-26 21:35:14,498 | INFO | omninexus.ingestion.fred_yield | Real Yield: 2.180% | Gold Bias: STRONG BEARISH | Breakout: False
2026-05-26 21:35:14,986 | INFO | omninexus.ingestion.friction | Calculating Geopolitical Friction Index...
2026-05-26 21:35:15,202 | WARNING | omninexus.ingestion.friction | Feed parse issue: Reuters World News — <urlopen error [Errno 11001] getaddrinfo failed>
2026-05-26 21:35:16,289 | INFO | omninexus.ingestion.friction | BBC World News: 10 friction articles found
2026-05-26 21:35:17,010 | INFO | omninexus.ingestion.friction | Al Jazeera: 10 friction articles found
2026-05-26 21:35:17,048 | WARNING | omninexus.ingestion.friction | Feed parse issue: Reuters Business — <urlopen error [Errno 11001] getaddrinfo failed>
2026-05-26 21:35:19,473 | INFO | omninexus.ingestion.friction | Financial Times: 6 friction articles found
2026-05-26 21:35:22,586 | INFO | omninexus.ingestion.friction | Bloomberg Markets: 9 friction articles found
2026-05-26 21:35:22,586 | INFO | omninexus.ingestion.friction | Friction Score: 100/100 | Level: CRITICAL | Articles: 35 | Alert: True
2026-05-26 21:35:22,604 | INFO | omninexus.ingestion.darkpool | Scanning dark pools for institutional signals...
2026-05-26 21:35:28,116 | WARNING | omninexus.ingestion.darkpool | FINRA GLD: Symbol not found in response. Status: 404
2026-05-26 21:35:28,125 | WARNING | omninexus.ingestion.darkpool | GLD: Using simulated volume (FINRA API unavailable)
2026-05-26 21:35:28,417 | INFO | omninexus.ingestion.darkpool | GLD: Volume=16,429,597 | Mean=14,813,404 | Z-Score=0.96
2026-05-26 21:35:28,422 | INFO | omninexus.ingestion.darkpool | Dark pool baseline saved
2026-05-26 21:35:29,705 | WARNING | omninexus.ingestion.darkpool | FINRA IAU: Symbol not found in response. Status: 404
2026-05-26 21:35:29,707 | WARNING | omninexus.ingestion.darkpool | IAU: Using simulated volume (FINRA API unavailable)
2026-05-26 21:35:29,719 | INFO | omninexus.ingestion.darkpool | IAU: Volume=9,458,251 | Mean=7,756,277 | Z-Score=1.84
2026-05-26 21:35:29,723 | INFO | omninexus.ingestion.darkpool | Dark pool baseline saved
2026-05-26 21:35:35,398 | WARNING | omninexus.ingestion.darkpool | FINRA FXB: Symbol not found in response. Status: 404
2026-05-26 21:35:35,399 | WARNING | omninexus.ingestion.darkpool | FXB: Using simulated volume (FINRA API unavailable)
2026-05-26 21:35:35,410 | INFO | omninexus.ingestion.darkpool | FXB: Volume=477,325 | Mean=504,119 | Z-Score=-0.42
2026-05-26 21:35:35,412 | INFO | omninexus.ingestion.darkpool | Dark pool baseline saved
2026-05-26 21:35:36,662 | WARNING | omninexus.ingestion.darkpool | FINRA GDX: Symbol not found in response. Status: 404
2026-05-26 21:35:36,663 | WARNING | omninexus.ingestion.darkpool | GDX: Using simulated volume (FINRA API unavailable)
2026-05-26 21:35:36,675 | INFO | omninexus.ingestion.darkpool | GDX: Volume=13,230,833 | Mean=12,318,497 | Z-Score=0.64
2026-05-26 21:35:36,677 | INFO | omninexus.ingestion.darkpool | Dark pool baseline saved
2026-05-26 21:35:36,678 | INFO | omninexus.ingestion.darkpool | Dark pool scan complete. Anomalies: 0 | Gold Signal: False | GBP Signal: False
2026-05-26 21:35:36,707 | INFO | omninexus.signals.gold | Running Gold Signal Aggregation...
2026-05-26 21:35:36,708 | INFO | omninexus.ingestion.fred_yield | Calculating Real Yield for XAUUSD signal...
2026-05-26 21:35:38,856 | INFO | omninexus.ingestion.fred_yield | FRED GS10: fetched 5 observations
2026-05-26 21:35:40,517 | INFO | omninexus.ingestion.fred_yield | FRED DFII10: fetched 5 observations
2026-05-26 21:35:41,667 | INFO | omninexus.ingestion.fred_yield | FRED T10YIE: fetched 5 observations
2026-05-26 21:35:42,838 | INFO | omninexus.ingestion.fred_yield | FRED DFII10: fetched 5 observations
2026-05-26 21:35:42,840 | INFO | omninexus.ingestion.fred_yield | Real Yield: 2.180% | Gold Bias: STRONG BEARISH | Breakout: False
2026-05-26 21:35:42,841 | INFO | omninexus.signals.gold | Real Yield: 2.180% — STRONG BEARISH
2026-05-26 21:35:42,841 | INFO | omninexus.ingestion.friction | Calculating Geopolitical Friction Index...
2026-05-26 21:35:42,881 | WARNING | omninexus.ingestion.friction | Feed parse issue: Reuters World News — <urlopen error [Errno 11001] getaddrinfo failed>
2026-05-26 21:35:43,540 | INFO | omninexus.ingestion.friction | BBC World News: 10 friction articles found
2026-05-26 21:35:43,929 | INFO | omninexus.ingestion.friction | Al Jazeera: 10 friction articles found
2026-05-26 21:35:43,964 | WARNING | omninexus.ingestion.friction | Feed parse issue: Reuters Business — <urlopen error [Errno 11001] getaddrinfo failed>
2026-05-26 21:35:46,362 | INFO | omninexus.ingestion.friction | Financial Times: 6 friction articles found
2026-05-26 21:35:47,343 | INFO | omninexus.ingestion.friction | Bloomberg Markets: 9 friction articles found
2026-05-26 21:35:47,344 | INFO | omninexus.ingestion.friction | Friction Score: 100/100 | Level: CRITICAL | Articles: 35 | Alert: True
2026-05-26 21:35:47,344 | INFO | omninexus.signals.gold | Friction Score: 100/100 — CRITICAL
2026-05-26 21:35:47,344 | INFO | omninexus.ingestion.darkpool | Scanning dark pools for institutional signals...
2026-05-26 21:35:48,611 | WARNING | omninexus.ingestion.darkpool | FINRA GLD: Symbol not found in response. Status: 404
2026-05-26 21:35:48,612 | WARNING | omninexus.ingestion.darkpool | GLD: Using simulated volume (FINRA API unavailable)
2026-05-26 21:35:48,624 | INFO | omninexus.ingestion.darkpool | GLD: Volume=14,037,677 | Mean=14,858,298 | Z-Score=-0.49
2026-05-26 21:35:48,626 | INFO | omninexus.ingestion.darkpool | Dark pool baseline saved
2026-05-26 21:35:54,733 | WARNING | omninexus.ingestion.darkpool | FINRA IAU: Symbol not found in response. Status: 404
2026-05-26 21:35:54,734 | WARNING | omninexus.ingestion.darkpool | IAU: Using simulated volume (FINRA API unavailable)
2026-05-26 21:35:54,744 | INFO | omninexus.ingestion.darkpool | IAU: Volume=7,110,555 | Mean=7,803,554 | Z-Score=-0.73
2026-05-26 21:35:54,747 | INFO | omninexus.ingestion.darkpool | Dark pool baseline saved
2026-05-26 21:36:00,014 | WARNING | omninexus.ingestion.darkpool | FINRA FXB: Symbol not found in response. Status: 404
2026-05-26 21:36:00,018 | WARNING | omninexus.ingestion.darkpool | FXB: Using simulated volume (FINRA API unavailable)
2026-05-26 21:36:00,078 | INFO | omninexus.ingestion.darkpool | FXB: Volume=463,436 | Mean=503,375 | Z-Score=-0.63
2026-05-26 21:36:00,086 | INFO | omninexus.ingestion.darkpool | Dark pool baseline saved
2026-05-26 21:36:01,436 | WARNING | omninexus.ingestion.darkpool | FINRA GDX: Symbol not found in response. Status: 404
2026-05-26 21:36:01,437 | WARNING | omninexus.ingestion.darkpool | GDX: Using simulated volume (FINRA API unavailable)
2026-05-26 21:36:01,449 | INFO | omninexus.ingestion.darkpool | GDX: Volume=13,108,642 | Mean=12,343,840 | Z-Score=0.54
2026-05-26 21:36:01,453 | INFO | omninexus.ingestion.darkpool | Dark pool baseline saved
2026-05-26 21:36:01,456 | INFO | omninexus.ingestion.darkpool | Dark pool scan complete. Anomalies: 0 | Gold Signal: False | GBP Signal: False
2026-05-26 21:36:01,457 | INFO | omninexus.signals.gold | Dark Pool: 0 anomalies | Gold signal: False
2026-05-26 21:36:01,458 | INFO | omninexus.signals.gold | Gold Aggregation complete: Bias=48.1/100 (NEUTRAL) | Confluence=33.3% | Time=24.7s
2026-05-26 21:36:01,472 | INFO | omninexus.signals.gbp | Running GBP Signal Aggregation...
2026-05-26 21:36:01,472 | INFO | omninexus.signals.gbp | Fetching BoE/BoJ yield spread...
2026-05-26 21:36:04,238 | INFO | omninexus.signals.gbp | BoE: 4.821% | BoJ: 2.515% | Spread: 2.306% | Bias: BULLISH
2026-05-26 21:36:04,239 | INFO | omninexus.signals.gbp | Session: NEW YORK SESSION | Volatility: HIGH | Stop-Hunt Risk: MODERATE
2026-05-26 21:36:04,239 | INFO | omninexus.ingestion.darkpool | Scanning dark pools for institutional signals...
2026-05-26 21:36:05,518 | WARNING | omninexus.ingestion.darkpool | FINRA GLD: Symbol not found in response. Status: 404
2026-05-26 21:36:05,519 | WARNING | omninexus.ingestion.darkpool | GLD: Using simulated volume (FINRA API unavailable)
2026-05-26 21:36:05,531 | INFO | omninexus.ingestion.darkpool | GLD: Volume=14,206,544 | Mean=14,836,119 | Z-Score=-0.38
2026-05-26 21:36:05,533 | INFO | omninexus.ingestion.darkpool | Dark pool baseline saved
2026-05-26 21:36:10,303 | WARNING | omninexus.ingestion.darkpool | FINRA IAU: Symbol not found in response. Status: 404
2026-05-26 21:36:10,304 | WARNING | omninexus.ingestion.darkpool | IAU: Using simulated volume (FINRA API unavailable)
2026-05-26 21:36:10,313 | INFO | omninexus.ingestion.darkpool | IAU: Volume=9,423,176 | Mean=7,784,825 | Z-Score=1.73
2026-05-26 21:36:10,316 | INFO | omninexus.ingestion.darkpool | Dark pool baseline saved
2026-05-26 21:36:11,542 | WARNING | omninexus.ingestion.darkpool | FINRA FXB: Symbol not found in response. Status: 404
2026-05-26 21:36:11,567 | WARNING | omninexus.ingestion.darkpool | FXB: Using simulated volume (FINRA API unavailable)
2026-05-26 21:36:11,613 | INFO | omninexus.ingestion.darkpool | FXB: Volume=567,746 | Mean=502,295 | Z-Score=1.05
2026-05-26 21:36:11,621 | INFO | omninexus.ingestion.darkpool | Dark pool baseline saved
2026-05-26 21:36:13,019 | WARNING | omninexus.ingestion.darkpool | FINRA GDX: Symbol not found in response. Status: 404
2026-05-26 21:36:13,020 | WARNING | omninexus.ingestion.darkpool | GDX: Using simulated volume (FINRA API unavailable)
2026-05-26 21:36:13,029 | INFO | omninexus.ingestion.darkpool | GDX: Volume=10,248,706 | Mean=12,364,510 | Z-Score=-1.52
2026-05-26 21:36:13,031 | INFO | omninexus.ingestion.darkpool | Dark pool baseline saved
2026-05-26 21:36:13,032 | INFO | omninexus.ingestion.darkpool | Dark pool scan complete. Anomalies: 0 | Gold Signal: False | GBP Signal: False
2026-05-26 21:36:13,032 | INFO | omninexus.signals.gbp | GBP Aggregation complete: Bias=58.5/100 (BULLISH) | Session=NEW YORK SESSION | Time=11.6s
2026-05-26 21:36:31,205 | INFO | omninexus.brain.autoencoder | Autoencoder weights loaded: logs/autoencoder/weights.json
2026-05-26 21:36:31,206 | INFO | omninexus.brain.autoencoder | Loaded existing autoencoder weights
2026-05-26 21:36:31,207 | INFO | omninexus.brain.autoencoder | Regime stable: error=0.007010 | STABLE
2026-05-26 21:36:31,223 | INFO | omninexus.brain.cfr_agent | CFR Agent initialized: mode=slow | threshold=0.700 | kelly_mult=1.0
2026-05-26 21:36:31,223 | INFO | omninexus.brain.cfr_agent | CFR [SLOW]: score=0.833 | allowed=True | direction=LONG | kelly_adj=0.833
2026-05-26 21:36:31,285 | INFO | omninexus.brain.meta_agent | Meta-Agent state loaded: brain=fast
2026-05-26 21:36:31,286 | INFO | omninexus.brain.cfr_agent | CFR Agent initialized: mode=slow | threshold=0.700 | kelly_mult=1.0
2026-05-26 21:36:31,286 | INFO | omninexus.brain.cfr_agent | CFR Agent initialized: mode=fast | threshold=0.595 | kelly_mult=0.6
2026-05-26 21:36:31,286 | INFO | omninexus.brain.meta_agent | Meta-Agent initialized. Current brain: fast
2026-05-26 21:36:31,409 | INFO | omninexus.brain.meta_agent | Meta-Agent: brain=slow | triggers=[] | switched=True
2026-05-26 21:36:31,443 | INFO | omninexus.brain.regime_transfer | Fingerprint library: 5 regimes
2026-05-26 21:36:31,444 | INFO | omninexus.brain.regime_transfer | Regime match: Normal Trending Market (sim=0.7257) | Policy: LONG XAUUSD
2026-05-26 21:36:31,531 | INFO | omninexus.memory.fingerprint | Loaded 2 fingerprints from memory
2026-05-26 21:36:31,607 | INFO | omninexus.memory.half_life | Half-life data loaded: 6 signals tracked
2026-05-26 21:36:32,032 | INFO | omninexus.execution.kelly_cfr | Sizing position for XAUUSD | Balance: $1,000.00 | Bias: 75.0/100
2026-05-26 21:36:32,033 | INFO | omninexus.execution.kelly_cfr | CFR Regret Score: 0.713 | Allowed: True | Boost: 0.312 | Penalty: 0.000
2026-05-26 21:36:32,033 | INFO | omninexus.execution.kelly_cfr | Position sized: 3.00% = $30.00 = 0.01 lots | Win prob: 64.0% | Kelly: 0.2300 | CFR: 0.713
2026-05-26 21:36:32,034 | INFO | omninexus.execution.entry | XAUUSD BUY LIMIT: Entry=2386.46250 | SL=2385.71250 (75p) | TP=2387.96250 (150p) | RR=1:2.0
2026-05-26 21:36:32,153 | INFO | omninexus.functions.azure_function | Azure Function triggered: status | Run #1
2026-05-26 21:36:32,191 | INFO | omninexus.functions.deployment | Running OmniNexus deployment check...
2026-05-26 21:36:41,104 | INFO | omninexus.graph.cosmos | Gremlin client connected successfully
2026-05-26 21:36:44,057 | INFO | omninexus.functions.deployment | Deployment check: 5/5 healthy | Deployed: True
2026-05-26 21:36:44,193 | INFO | omninexus.functions.ci_cd | CI/CD stage: lint
2026-05-26 21:36:44,194 | INFO | omninexus.functions.ci_cd | Running lint checks...
2026-05-26 21:36:44,195 | ERROR | omninexus.functions.ci_cd | Missing files: ['telegram/bot.py']
2026-05-26 21:36:44,196 | INFO | omninexus.functions.ci_cd | Stage lint: FAILED | 0.00s
2026-05-26 21:36:44,197 | INFO | omninexus.signals.gold | Running Gold Signal Aggregation...
2026-05-26 21:36:44,197 | INFO | omninexus.ingestion.fred_yield | Calculating Real Yield for XAUUSD signal...
2026-05-26 21:36:45,397 | INFO | omninexus.ingestion.fred_yield | FRED GS10: fetched 5 observations
2026-05-26 21:36:46,482 | INFO | omninexus.ingestion.fred_yield | FRED DFII10: fetched 5 observations
2026-05-26 21:36:47,666 | INFO | omninexus.ingestion.fred_yield | FRED T10YIE: fetched 5 observations
2026-05-26 21:36:48,797 | INFO | omninexus.ingestion.fred_yield | FRED DFII10: fetched 5 observations
2026-05-26 21:36:48,799 | INFO | omninexus.ingestion.fred_yield | Real Yield: 2.180% | Gold Bias: STRONG BEARISH | Breakout: False
2026-05-26 21:36:48,800 | INFO | omninexus.signals.gold | Real Yield: 2.180% — STRONG BEARISH
2026-05-26 21:36:48,800 | INFO | omninexus.ingestion.friction | Calculating Geopolitical Friction Index...
2026-05-26 21:36:48,886 | WARNING | omninexus.ingestion.friction | Feed parse issue: Reuters World News — <urlopen error [Errno 11001] getaddrinfo failed>
2026-05-26 21:36:49,764 | INFO | omninexus.ingestion.friction | BBC World News: 10 friction articles found
2026-05-26 21:36:50,150 | INFO | omninexus.ingestion.friction | Al Jazeera: 10 friction articles found
2026-05-26 21:36:50,184 | WARNING | omninexus.ingestion.friction | Feed parse issue: Reuters Business — <urlopen error [Errno 11001] getaddrinfo failed>
2026-05-26 21:36:51,756 | INFO | omninexus.ingestion.friction | Financial Times: 6 friction articles found
2026-05-26 21:36:52,854 | INFO | omninexus.ingestion.friction | Bloomberg Markets: 9 friction articles found
2026-05-26 21:36:52,855 | INFO | omninexus.ingestion.friction | Friction Score: 100/100 | Level: CRITICAL | Articles: 35 | Alert: True
2026-05-26 21:36:52,855 | INFO | omninexus.signals.gold | Friction Score: 100/100 — CRITICAL
2026-05-26 21:36:52,855 | INFO | omninexus.ingestion.darkpool | Scanning dark pools for institutional signals...
2026-05-26 21:36:58,221 | WARNING | omninexus.ingestion.darkpool | FINRA GLD: Symbol not found in response. Status: 404
2026-05-26 21:36:58,222 | WARNING | omninexus.ingestion.darkpool | GLD: Using simulated volume (FINRA API unavailable)
2026-05-26 21:36:58,233 | INFO | omninexus.ingestion.darkpool | GLD: Volume=13,454,765 | Mean=14,819,551 | Z-Score=-0.83
2026-05-26 21:36:58,236 | INFO | omninexus.ingestion.darkpool | Dark pool baseline saved
2026-05-26 21:37:02,904 | WARNING | omninexus.ingestion.darkpool | FINRA IAU: Symbol not found in response. Status: 404
2026-05-26 21:37:02,905 | WARNING | omninexus.ingestion.darkpool | IAU: Using simulated volume (FINRA API unavailable)
2026-05-26 21:37:02,935 | INFO | omninexus.ingestion.darkpool | IAU: Volume=7,117,116 | Mean=7,827,939 | Z-Score=-0.73
2026-05-26 21:37:02,937 | INFO | omninexus.ingestion.darkpool | Dark pool baseline saved
2026-05-26 21:37:04,147 | WARNING | omninexus.ingestion.darkpool | FINRA FXB: Symbol not found in response. Status: 404
2026-05-26 21:37:04,149 | WARNING | omninexus.ingestion.darkpool | FXB: Using simulated volume (FINRA API unavailable)
2026-05-26 21:37:04,161 | INFO | omninexus.ingestion.darkpool | FXB: Volume=482,766 | Mean=504,018 | Z-Score=-0.34
2026-05-26 21:37:04,163 | INFO | omninexus.ingestion.darkpool | Dark pool baseline saved
2026-05-26 21:37:05,345 | WARNING | omninexus.ingestion.darkpool | FINRA GDX: Symbol not found in response. Status: 404
2026-05-26 21:37:05,347 | WARNING | omninexus.ingestion.darkpool | GDX: Using simulated volume (FINRA API unavailable)
2026-05-26 21:37:05,356 | INFO | omninexus.ingestion.darkpool | GDX: Volume=12,378,734 | Mean=12,308,831 | Z-Score=0.05
2026-05-26 21:37:05,359 | INFO | omninexus.ingestion.darkpool | Dark pool baseline saved
2026-05-26 21:37:05,360 | INFO | omninexus.ingestion.darkpool | Dark pool scan complete. Anomalies: 0 | Gold Signal: False | GBP Signal: False
2026-05-26 21:37:05,360 | INFO | omninexus.signals.gold | Dark Pool: 0 anomalies | Gold signal: False
2026-05-26 21:37:05,360 | INFO | omninexus.signals.gold | Gold Aggregation complete: Bias=48.1/100 (NEUTRAL) | Confluence=33.3% | Time=21.2s
2026-05-26 21:37:05,360 | INFO | omninexus.signals.gbp | Running GBP Signal Aggregation...
2026-05-26 21:37:05,360 | INFO | omninexus.signals.gbp | Fetching BoE/BoJ yield spread...
2026-05-26 21:37:07,752 | INFO | omninexus.signals.gbp | BoE: 4.821% | BoJ: 2.515% | Spread: 2.306% | Bias: BULLISH
2026-05-26 21:37:07,753 | INFO | omninexus.signals.gbp | Session: NEW YORK SESSION | Volatility: HIGH | Stop-Hunt Risk: MODERATE
2026-05-26 21:37:07,753 | INFO | omninexus.ingestion.darkpool | Scanning dark pools for institutional signals...
2026-05-26 21:37:08,945 | WARNING | omninexus.ingestion.darkpool | FINRA GLD: Symbol not found in response. Status: 404
2026-05-26 21:37:08,946 | WARNING | omninexus.ingestion.darkpool | GLD: Using simulated volume (FINRA API unavailable)
2026-05-26 21:37:08,955 | INFO | omninexus.ingestion.darkpool | GLD: Volume=14,432,605 | Mean=14,784,557 | Z-Score=-0.22
2026-05-26 21:37:08,959 | INFO | omninexus.ingestion.darkpool | Dark pool baseline saved
2026-05-26 21:37:10,145 | WARNING | omninexus.ingestion.darkpool | FINRA IAU: Symbol not found in response. Status: 404
2026-05-26 21:37:10,146 | WARNING | omninexus.ingestion.darkpool | IAU: Using simulated volume (FINRA API unavailable)
2026-05-26 21:37:10,155 | INFO | omninexus.ingestion.darkpool | IAU: Volume=9,495,649 | Mean=7,809,713 | Z-Score=1.75
2026-05-26 21:37:10,158 | INFO | omninexus.ingestion.darkpool | Dark pool baseline saved
2026-05-26 21:37:11,377 | WARNING | omninexus.ingestion.darkpool | FINRA FXB: Symbol not found in response. Status: 404
2026-05-26 21:37:11,379 | WARNING | omninexus.ingestion.darkpool | FXB: Using simulated volume (FINRA API unavailable)
2026-05-26 21:37:11,388 | INFO | omninexus.ingestion.darkpool | FXB: Volume=425,547 | Mean=503,473 | Z-Score=-1.26
2026-05-26 21:37:11,390 | INFO | omninexus.ingestion.darkpool | Dark pool baseline saved
2026-05-26 21:37:17,604 | WARNING | omninexus.ingestion.darkpool | FINRA GDX: Symbol not found in response. Status: 404
2026-05-26 21:37:17,605 | WARNING | omninexus.ingestion.darkpool | GDX: Using simulated volume (FINRA API unavailable)
2026-05-26 21:37:17,614 | INFO | omninexus.ingestion.darkpool | GDX: Volume=11,433,478 | Mean=12,310,623 | Z-Score=-0.63
2026-05-26 21:37:17,616 | INFO | omninexus.ingestion.darkpool | Dark pool baseline saved
2026-05-26 21:37:17,616 | INFO | omninexus.ingestion.darkpool | Dark pool scan complete. Anomalies: 0 | Gold Signal: False | GBP Signal: False
2026-05-26 21:37:17,617 | INFO | omninexus.signals.gbp | GBP Aggregation complete: Bias=58.5/100 (BULLISH) | Session=NEW YORK SESSION | Time=12.3s
2026-05-26 21:37:17,622 | INFO | omninexus.brain.autoencoder | Autoencoder weights loaded: logs/autoencoder/weights.json
2026-05-26 21:37:17,623 | INFO | omninexus.brain.autoencoder | Loaded existing autoencoder weights
2026-05-26 21:37:17,623 | INFO | omninexus.brain.autoencoder | Regime stable: error=0.078007 | STABLE
2026-05-26 21:37:17,634 | INFO | omninexus.brain.meta_agent | Meta-Agent state loaded: brain=slow
2026-05-26 21:37:17,635 | INFO | omninexus.brain.cfr_agent | CFR Agent initialized: mode=slow | threshold=0.700 | kelly_mult=1.0
2026-05-26 21:37:17,638 | INFO | omninexus.brain.cfr_agent | CFR Agent initialized: mode=fast | threshold=0.595 | kelly_mult=0.6
2026-05-26 21:37:17,639 | INFO | omninexus.brain.meta_agent | Meta-Agent initialized. Current brain: slow
2026-05-26 21:37:17,642 | INFO | omninexus.brain.meta_agent | Meta-Agent: brain=fast | triggers=['FRICTION'] | switched=True
2026-05-26 21:37:17,643 | INFO | omninexus.brain.cfr_agent | CFR [FAST]: score=0.000 | allowed=False | direction=NEUTRAL | kelly_adj=0.000
2026-05-26 21:37:17,644 | INFO | omninexus.brain.regime_transfer | Fingerprint library: 5 regimes
2026-05-26 21:37:17,645 | INFO | omninexus.brain.regime_transfer | Regime match: Fed Emergency Hike 75bps (sim=0.7193) | Policy: SHORT XAUUSD
2026-05-26 21:37:17,646 | INFO | omninexus.execution.kelly_cfr | Sizing position for XAUUSD | Balance: $1,000.00 | Bias: 48.1/100
2026-05-26 21:37:17,646 | INFO | omninexus.execution.kelly_cfr | CFR Regret Score: 0.345 | Allowed: False | Boost: 0.095 | Penalty: 0.150
2026-05-26 21:37:17,646 | WARNING | omninexus.execution.kelly_cfr | CFR BLOCKED: Regret score 0.345 below threshold 0.7
2026-05-26 21:37:17,647 | INFO | omninexus.execution.entry | XAUUSD SELL LIMIT: Entry=2388.44145 | SL=2389.19145 (75p) | TP=2386.94145 (150p) | RR=1:2.0
2026-05-26 21:37:17,649 | INFO | omninexus.memory.fingerprint | Loaded 2 fingerprints from memory
2026-05-26 21:37:17,664 | INFO | omninexus.memory.half_life | Half-life data loaded: 6 signals tracked
2026-05-26 21:37:21,932 | INFO | omninexus.functions.deployment | Running OmniNexus deployment check...
2026-05-26 21:37:24,241 | INFO | omninexus.graph.cosmos | Gremlin client connected successfully
2026-05-26 21:37:25,530 | INFO | omninexus.functions.deployment | Deployment check: 5/5 healthy | Deployed: True
